year,month,age_group_5,deaths,covid_deaths,population
2015,01,1,2018,0,3983981
2015,01,1-4,315,0,15934097
2015,01,10-14,254,0,20604377
2015,01,15-19,865,0,21081020
2015,01,20-24,1672,0,22668650
2015,01,25-29,1900,0,22409198
2015,01,30-34,2273,0,21629000
2015,01,35-39,2610,0,20304700
2015,01,40-44,3635,0,20132902
2015,01,45-49,5862,0,20763252
2015,01,5-9,206,0,20476769
2015,01,50-54,10121,0,22252279
2015,01,55-59,14577,0,21732941
2015,01,60-64,18178,0,19011227
2015,01,65-69,21654,0,16029148
2015,01,70-74,24332,0,11456040
2015,01,75-79,28284,0,8110430
2015,01,80-84,35318,0,5793272
2015,01,85+,91267,0,6261880
2015,02,1,1855,0,3983981
2015,02,1-4,327,0,15934097
2015,02,10-14,237,0,20604377
2015,02,15-19,697,0,21081020
2015,02,20-24,1376,0,22668650
2015,02,25-29,1717,0,22409198
2015,02,30-34,2018,0,21629000
2015,02,35-39,2367,0,20304700
2015,02,40-44,3246,0,20132902
2015,02,45-49,4928,0,20763252
2015,02,5-9,207,0,20476769
2015,02,50-54,8927,0,22252279
2015,02,55-59,12821,0,21732941
2015,02,60-64,15999,0,19011227
2015,02,65-69,19069,0,16029148
2015,02,70-74,21478,0,11456040
2015,02,75-79,24436,0,8110430
2015,02,80-84,30097,0,5793272
2015,02,85+,75233,0,6261880
2015,03,1,2021,0,3983981
2015,03,1-4,323,0,15934097
2015,03,10-14,261,0,20604377
2015,03,15-19,784,0,21081020
2015,03,20-24,1649,0,22668650
2015,03,25-29,2023,0,22409198
2015,03,30-34,2298,0,21629000
2015,03,35-39,2667,0,20304700
2015,03,40-44,3622,0,20132902
2015,03,45-49,5554,0,20763252
2015,03,5-9,216,0,20476769
2015,03,50-54,9601,0,22252279
2015,03,55-59,14135,0,21732941
2015,03,60-64,17423,0,19011227
2015,03,65-69,20793,0,16029148
2015,03,70-74,23012,0,11456040
2015,03,75-79,25877,0,8110430
2015,03,80-84,31309,0,5793272
2015,03,85+,79132,0,6261880
2015,04,1,1960,0,3983981
2015,04,1-4,352,0,15934097
2015,04,10-14,236,0,20604377
2015,04,15-19,819,0,21081020
2015,04,20-24,1648,0,22668650
2015,04,25-29,1918,0,22409198
2015,04,30-34,2213,0,21629000
2015,04,35-39,2434,0,20304700
2015,04,40-44,3373,0,20132902
2015,04,45-49,5285,0,20763252
2015,04,5-9,178,0,20476769
2015,04,50-54,8959,0,22252279
2015,04,55-59,13132,0,21732941
2015,04,60-64,16201,0,19011227
2015,04,65-69,19309,0,16029148
2015,04,70-74,21786,0,11456040
2015,04,75-79,24294,0,8110430
2015,04,80-84,28920,0,5793272
2015,04,85+,71399,0,6261880
2015,05,1,1975,0,3983981
2015,05,1-4,369,0,15934097
2015,05,10-14,267,0,20604377
2015,05,15-19,896,0,21081020
2015,05,20-24,1762,0,22668650
2015,05,25-29,2007,0,22409198
2015,05,30-34,2437,0,21629000
2015,05,35-39,2624,0,20304700
2015,05,40-44,3536,0,20132902
2015,05,45-49,5432,0,20763252
2015,05,5-9,212,0,20476769
2015,05,50-54,9239,0,22252279
2015,05,55-59,13500,0,21732941
2015,05,60-64,16376,0,19011227
2015,05,65-69,19233,0,16029148
2015,05,70-74,21626,0,11456040
2015,05,75-79,23868,0,8110430
2015,05,80-84,28358,0,5793272
2015,05,85+,69877,0,6261880
2015,06,1,2013,0,3983981
2015,06,1-4,357,0,15934097
2015,06,10-14,277,0,20604377
2015,06,15-19,860,0,21081020
2015,06,20-24,1773,0,22668650
2015,06,25-29,2004,0,22409198
2015,06,30-34,2247,0,21629000
2015,06,35-39,2550,0,20304700
2015,06,40-44,3423,0,20132902
2015,06,45-49,5378,0,20763252
2015,06,5-9,223,0,20476769
2015,06,50-54,8891,0,22252279
2015,06,55-59,12711,0,21732941
2015,06,60-64,15892,0,19011227
2015,06,65-69,18627,0,16029148
2015,06,70-74,20015,0,11456040
2015,06,75-79,22555,0,8110430
2015,06,80-84,26416,0,5793272
2015,06,85+,64945,0,6261880
2015,07,1,1977,0,3983981
2015,07,1-4,332,0,15934097
2015,07,10-14,301,0,20604377
2015,07,15-19,942,0,21081020
2015,07,20-24,1837,0,22668650
2015,07,25-29,2101,0,22409198
2015,07,30-34,2400,0,21629000
2015,07,35-39,2755,0,20304700
2015,07,40-44,3565,0,20132902
2015,07,45-49,5441,0,20763252
2015,07,5-9,223,0,20476769
2015,07,50-54,9133,0,22252279
2015,07,55-59,13078,0,21732941
2015,07,60-64,16174,0,19011227
2015,07,65-69,18993,0,16029148
2015,07,70-74,20866,0,11456040
2015,07,75-79,23075,0,8110430
2015,07,80-84,27377,0,5793272
2015,07,85+,66368,0,6261880
2015,08,1,1987,0,3983981
2015,08,1-4,356,0,15934097
2015,08,10-14,241,0,20604377
2015,08,15-19,941,0,21081020
2015,08,20-24,1835,0,22668650
2015,08,25-29,2055,0,22409198
2015,08,30-34,2426,0,21629000
2015,08,35-39,2851,0,20304700
2015,08,40-44,3477,0,20132902
2015,08,45-49,5383,0,20763252
2015,08,5-9,189,0,20476769
2015,08,50-54,9158,0,22252279
2015,08,55-59,12919,0,21732941
2015,08,60-64,16047,0,19011227
2015,08,65-69,19010,0,16029148
2015,08,70-74,20482,0,11456040
2015,08,75-79,22868,0,8110430
2015,08,80-84,26809,0,5793272
2015,08,85+,65356,0,6261880
2015,09,1,1958,0,3983981
2015,09,1-4,294,0,15934097
2015,09,10-14,227,0,20604377
2015,09,15-19,814,0,21081020
2015,09,20-24,1662,0,22668650
2015,09,25-29,2058,0,22409198
2015,09,30-34,2321,0,21629000
2015,09,35-39,2648,0,20304700
2015,09,40-44,3420,0,20132902
2015,09,45-49,5130,0,20763252
2015,09,5-9,210,0,20476769
2015,09,50-54,9001,0,22252279
2015,09,55-59,12660,0,21732941
2015,09,60-64,15713,0,19011227
2015,09,65-69,18748,0,16029148
2015,09,70-74,20246,0,11456040
2015,09,75-79,22176,0,8110430
2015,09,80-84,26371,0,5793272
2015,09,85+,64236,0,6261880
2015,10,1,1913,0,3983981
2015,10,1-4,314,0,15934097
2015,10,10-14,217,0,20604377
2015,10,15-19,883,0,21081020
2015,10,20-24,1755,0,22668650
2015,10,25-29,2143,0,22409198
2015,10,30-34,2358,0,21629000
2015,10,35-39,2681,0,20304700
2015,10,40-44,3547,0,20132902
2015,10,45-49,5292,0,20763252
2015,10,5-9,159,0,20476769
2015,10,50-54,9007,0,22252279
2015,10,55-59,13340,0,21732941
2015,10,60-64,16613,0,19011227
2015,10,65-69,19808,0,16029148
2015,10,70-74,21842,0,11456040
2015,10,75-79,23912,0,8110430
2015,10,80-84,28276,0,5793272
2015,10,85+,69465,0,6261880
2015,11,1,1816,0,3983981
2015,11,1-4,312,0,15934097
2015,11,10-14,251,0,20604377
2015,11,15-19,826,0,21081020
2015,11,20-24,1629,0,22668650
2015,11,25-29,1945,0,22409198
2015,11,30-34,2315,0,21629000
2015,11,35-39,2536,0,20304700
2015,11,40-44,3312,0,20132902
2015,11,45-49,5219,0,20763252
2015,11,5-9,182,0,20476769
2015,11,50-54,8782,0,22252279
2015,11,55-59,12908,0,21732941
2015,11,60-64,16324,0,19011227
2015,11,65-69,19362,0,16029148
2015,11,70-74,21435,0,11456040
2015,11,75-79,23663,0,8110430
2015,11,80-84,28152,0,5793272
2015,11,85+,68813,0,6261880
2015,12,1,1962,0,3983981
2015,12,1-4,314,0,15934097
2015,12,10-14,240,0,20604377
2015,12,15-19,859,0,21081020
2015,12,20-24,1710,0,22668650
2015,12,25-29,2027,0,22409198
2015,12,30-34,2313,0,21629000
2015,12,35-39,2694,0,20304700
2015,12,40-44,3515,0,20132902
2015,12,45-49,5473,0,20763252
2015,12,5-9,197,0,20476769
2015,12,50-54,9298,0,22252279
2015,12,55-59,13808,0,21732941
2015,12,60-64,17256,0,19011227
2015,12,65-69,20876,0,16029148
2015,12,70-74,22414,0,11456040
2015,12,75-79,25397,0,8110430
2015,12,80-84,29758,0,5793272
2015,12,85+,73610,0,6261880
2016,01,1,1932,0,3954773
2016,01,1-4,321,0,15966986
2016,01,10-14,259,0,20621321
2016,01,15-19,863,0,21129270
2016,01,20-24,1608,0,22344607
2016,01,25-29,1980,0,22913093
2016,01,30-34,2378,0,21818912
2016,01,35-39,2796,0,20779399
2016,01,40-44,3651,0,19679819
2016,01,45-49,5558,0,20909192
2016,01,5-9,214,0,20434232
2016,01,50-54,9404,0,21797837
2016,01,55-59,14369,0,21940362
2016,01,60-64,17896,0,19449437
2016,01,65-69,21476,0,16799653
2016,01,70-74,23417,0,11789654
2016,01,75-79,26392,0,8363123
2016,01,80-84,31671,0,5868100
2016,01,85+,79635,0,6381541
2016,02,1,1894,0,3954773
2016,02,1-4,312,0,15966986
2016,02,10-14,266,0,20621321
2016,02,15-19,785,0,21129270
2016,02,20-24,1650,0,22344607
2016,02,25-29,2053,0,22913093
2016,02,30-34,2380,0,21818912
2016,02,35-39,2631,0,20779399
2016,02,40-44,3463,0,19679819
2016,02,45-49,5368,0,20909192
2016,02,5-9,205,0,20434232
2016,02,50-54,8946,0,21797837
2016,02,55-59,13551,0,21940362
2016,02,60-64,16792,0,19449437
2016,02,65-69,20513,0,16799653
2016,02,70-74,22006,0,11789654
2016,02,75-79,25063,0,8363123
2016,02,80-84,29330,0,5868100
2016,02,85+,72806,0,6381541
2016,03,1,2011,0,3954773
2016,03,1-4,354,0,15966986
2016,03,10-14,247,0,20621321
2016,03,15-19,913,0,21129270
2016,03,20-24,1848,0,22344607
2016,03,25-29,2253,0,22913093
2016,03,30-34,2448,0,21818912
2016,03,35-39,2941,0,20779399
2016,03,40-44,3651,0,19679819
2016,03,45-49,5912,0,20909192
2016,03,5-9,211,0,20434232
2016,03,50-54,9715,0,21797837
2016,03,55-59,14546,0,21940362
2016,03,60-64,18283,0,19449437
2016,03,65-69,22288,0,16799653
2016,03,70-74,23265,0,11789654
2016,03,75-79,25931,0,8363123
2016,03,80-84,30681,0,5868100
2016,03,85+,76775,0,6381541
2016,04,1,1889,0,3954773
2016,04,1-4,364,0,15966986
2016,04,10-14,216,0,20621321
2016,04,15-19,834,0,21129270
2016,04,20-24,1748,0,22344607
2016,04,25-29,2107,0,22913093
2016,04,30-34,2442,0,21818912
2016,04,35-39,2821,0,20779399
2016,04,40-44,3528,0,19679819
2016,04,45-49,5313,0,20909192
2016,04,5-9,207,0,20434232
2016,04,50-54,8980,0,21797837
2016,04,55-59,13323,0,21940362
2016,04,60-64,17081,0,19449437
2016,04,65-69,20486,0,16799653
2016,04,70-74,22077,0,11789654
2016,04,75-79,24460,0,8363123
2016,04,80-84,28396,0,5868100
2016,04,85+,70906,0,6381541
2016,05,1,1951,0,3954773
2016,05,1-4,355,0,15966986
2016,05,10-14,246,0,20621321
2016,05,15-19,964,0,21129270
2016,05,20-24,1831,0,22344607
2016,05,25-29,2328,0,22913093
2016,05,30-34,2493,0,21818912
2016,05,35-39,2879,0,20779399
2016,05,40-44,3475,0,19679819
2016,05,45-49,5335,0,20909192
2016,05,5-9,202,0,20434232
2016,05,50-54,8846,0,21797837
2016,05,55-59,13658,0,21940362
2016,05,60-64,16580,0,19449437
2016,05,65-69,20376,0,16799653
2016,05,70-74,21577,0,11789654
2016,05,75-79,23937,0,8363123
2016,05,80-84,28047,0,5868100
2016,05,85+,69431,0,6381541
2016,06,1,1945,0,3954773
2016,06,1-4,353,0,15966986
2016,06,10-14,277,0,20621321
2016,06,15-19,962,0,21129270
2016,06,20-24,1788,0,22344607
2016,06,25-29,2235,0,22913093
2016,06,30-34,2519,0,21818912
2016,06,35-39,2878,0,20779399
2016,06,40-44,3418,0,19679819
2016,06,45-49,5222,0,20909192
2016,06,5-9,211,0,20434232
2016,06,50-54,8663,0,21797837
2016,06,55-59,12598,0,21940362
2016,06,60-64,16119,0,19449437
2016,06,65-69,19566,0,16799653
2016,06,70-74,20569,0,11789654
2016,06,75-79,22611,0,8363123
2016,06,80-84,26326,0,5868100
2016,06,85+,64784,0,6381541
2016,07,1,1935,0,3954773
2016,07,1-4,382,0,15966986
2016,07,10-14,258,0,20621321
2016,07,15-19,947,0,21129270
2016,07,20-24,1923,0,22344607
2016,07,25-29,2395,0,22913093
2016,07,30-34,2755,0,21818912
2016,07,35-39,3102,0,20779399
2016,07,40-44,3653,0,19679819
2016,07,45-49,5570,0,20909192
2016,07,5-9,231,0,20434232
2016,07,50-54,8953,0,21797837
2016,07,55-59,13091,0,21940362
2016,07,60-64,16892,0,19449437
2016,07,65-69,19957,0,16799653
2016,07,70-74,21303,0,11789654
2016,07,75-79,23356,0,8363123
2016,07,80-84,26968,0,5868100
2016,07,85+,66010,0,6381541
2016,08,1,1972,0,3954773
2016,08,1-4,332,0,15966986
2016,08,10-14,280,0,20621321
2016,08,15-19,935,0,21129270
2016,08,20-24,1973,0,22344607
2016,08,25-29,2346,0,22913093
2016,08,30-34,2731,0,21818912
2016,08,35-39,3003,0,20779399
2016,08,40-44,3619,0,19679819
2016,08,45-49,5431,0,20909192
2016,08,5-9,225,0,20434232
2016,08,50-54,8753,0,21797837
2016,08,55-59,13209,0,21940362
2016,08,60-64,16585,0,19449437
2016,08,65-69,20078,0,16799653
2016,08,70-74,21546,0,11789654
2016,08,75-79,23740,0,8363123
2016,08,80-84,26974,0,5868100
2016,08,85+,66170,0,6381541
2016,09,1,1931,0,3954773
2016,09,1-4,302,0,15966986
2016,09,10-14,229,0,20621321
2016,09,15-19,810,0,21129270
2016,09,20-24,1862,0,22344607
2016,09,25-29,2258,0,22913093
2016,09,30-34,2480,0,21818912
2016,09,35-39,2908,0,20779399
2016,09,40-44,3431,0,19679819
2016,09,45-49,5309,0,20909192
2016,09,5-9,186,0,20434232
2016,09,50-54,8591,0,21797837
2016,09,55-59,12885,0,21940362
2016,09,60-64,15990,0,19449437
2016,09,65-69,19232,0,16799653
2016,09,70-74,20804,0,11789654
2016,09,75-79,23168,0,8363123
2016,09,80-84,26141,0,5868100
2016,09,85+,65777,0,6381541
2016,10,1,1971,0,3954773
2016,10,1-4,319,0,15966986
2016,10,10-14,236,0,20621321
2016,10,15-19,943,0,21129270
2016,10,20-24,1826,0,22344607
2016,10,25-29,2487,0,22913093
2016,10,30-34,2641,0,21818912
2016,10,35-39,3112,0,20779399
2016,10,40-44,3557,0,19679819
2016,10,45-49,5504,0,20909192
2016,10,5-9,196,0,20434232
2016,10,50-54,9049,0,21797837
2016,10,55-59,13305,0,21940362
2016,10,60-64,16962,0,19449437
2016,10,65-69,20418,0,16799653
2016,10,70-74,22124,0,11789654
2016,10,75-79,24881,0,8363123
2016,10,80-84,28230,0,5868100
2016,10,85+,71147,0,6381541
2016,11,1,1836,0,3954773
2016,11,1-4,316,0,15966986
2016,11,10-14,250,0,20621321
2016,11,15-19,959,0,21129270
2016,11,20-24,1820,0,22344607
2016,11,25-29,2258,0,22913093
2016,11,30-34,2543,0,21818912
2016,11,35-39,2966,0,20779399
2016,11,40-44,3461,0,19679819
2016,11,45-49,5355,0,20909192
2016,11,5-9,197,0,20434232
2016,11,50-54,8751,0,21797837
2016,11,55-59,13194,0,21940362
2016,11,60-64,16808,0,19449437
2016,11,65-69,20069,0,16799653
2016,11,70-74,22264,0,11789654
2016,11,75-79,24424,0,8363123
2016,11,80-84,28215,0,5868100
2016,11,85+,71610,0,6381541
2016,12,1,1894,0,3954773
2016,12,1-4,335,0,15966986
2016,12,10-14,249,0,20621321
2016,12,15-19,897,0,21129270
2016,12,20-24,1886,0,22344607
2016,12,25-29,2353,0,22913093
2016,12,30-34,2753,0,21818912
2016,12,35-39,3240,0,20779399
2016,12,40-44,3608,0,19679819
2016,12,45-49,5708,0,20909192
2016,12,5-9,205,0,20434232
2016,12,50-54,9280,0,21797837
2016,12,55-59,14417,0,21940362
2016,12,60-64,18311,0,19449437
2016,12,65-69,22196,0,16799653
2016,12,70-74,24473,0,11789654
2016,12,75-79,26932,0,8363123
2016,12,80-84,31042,0,5868100
2016,12,85+,79411,0,6381541
2017,01,1,1887,0,3893990
2017,01,1-4,283,0,15996982
2017,01,10-14,267,0,20767794
2017,01,15-19,899,0,21094597
2017,01,20-24,1852,0,22042321
2017,01,25-29,2325,0,23328936
2017,01,30-34,2741,0,21934476
2017,01,35-39,3204,0,21180305
2017,01,40-44,3842,0,19576279
2017,01,45-49,5779,0,20900207
2017,01,5-9,182,0,20309346
2017,01,50-54,9485,0,21332133
2017,01,55-59,14568,0,21946316
2017,01,60-64,18854,0,19928453
2017,01,65-69,22852,0,16793231
2017,01,70-74,25744,0,12811548
2017,01,75-79,28381,0,8722171
2017,01,80-84,33420,0,5959281
2017,01,85+,86258,0,6467173
2017,02,1,1714,0,3893990
2017,02,1-4,292,0,15996982
2017,02,10-14,253,0,20767794
2017,02,15-19,750,0,21094597
2017,02,20-24,1543,0,22042321
2017,02,25-29,2151,0,23328936
2017,02,30-34,2382,0,21934476
2017,02,35-39,2844,0,21180305
2017,02,40-44,3213,0,19576279
2017,02,45-49,5225,0,20900207
2017,02,5-9,176,0,20309346
2017,02,50-54,8474,0,21332133
2017,02,55-59,13350,0,21946316
2017,02,60-64,16735,0,19928453
2017,02,65-69,20408,0,16793231
2017,02,70-74,23093,0,12811548
2017,02,75-79,25286,0,8722171
2017,02,80-84,29561,0,5959281
2017,02,85+,76364,0,6467173
2017,03,1,1901,0,3893990
2017,03,1-4,337,0,15996982
2017,03,10-14,271,0,20767794
2017,03,15-19,898,0,21094597
2017,03,20-24,1786,0,22042321
2017,03,25-29,2283,0,23328936
2017,03,30-34,2610,0,21934476
2017,03,35-39,3194,0,21180305
2017,03,40-44,3603,0,19576279
2017,03,45-49,5714,0,20900207
2017,03,5-9,242,0,20309346
2017,03,50-54,9236,0,21332133
2017,03,55-59,14129,0,21946316
2017,03,60-64,18268,0,19928453
2017,03,65-69,22001,0,16793231
2017,03,70-74,24976,0,12811548
2017,03,75-79,27481,0,8722171
2017,03,80-84,31790,0,5959281
2017,03,85+,80997,0,6467173
2017,04,1,1880,0,3893990
2017,04,1-4,322,0,15996982
2017,04,10-14,285,0,20767794
2017,04,15-19,877,0,21094597
2017,04,20-24,1754,0,22042321
2017,04,25-29,2196,0,23328936
2017,04,30-34,2611,0,21934476
2017,04,35-39,2969,0,21180305
2017,04,40-44,3601,0,19576279
2017,04,45-49,5370,0,20900207
2017,04,5-9,197,0,20309346
2017,04,50-54,8699,0,21332133
2017,04,55-59,13250,0,21946316
2017,04,60-64,17248,0,19928453
2017,04,65-69,20224,0,16793231
2017,04,70-74,23325,0,12811548
2017,04,75-79,25416,0,8722171
2017,04,80-84,28695,0,5959281
2017,04,85+,72899,0,6467173
2017,05,1,1879,0,3893990
2017,05,1-4,364,0,15996982
2017,05,10-14,279,0,20767794
2017,05,15-19,986,0,21094597
2017,05,20-24,1912,0,22042321
2017,05,25-29,2453,0,23328936
2017,05,30-34,2670,0,21934476
2017,05,35-39,3076,0,21180305
2017,05,40-44,3540,0,19576279
2017,05,45-49,5344,0,20900207
2017,05,5-9,191,0,20309346
2017,05,50-54,8822,0,21332133
2017,05,55-59,13499,0,21946316
2017,05,60-64,17259,0,19928453
2017,05,65-69,20396,0,16793231
2017,05,70-74,23208,0,12811548
2017,05,75-79,25189,0,8722171
2017,05,80-84,28597,0,5959281
2017,05,85+,69996,0,6467173
2017,06,1,1967,0,3893990
2017,06,1-4,351,0,15996982
2017,06,10-14,255,0,20767794
2017,06,15-19,986,0,21094597
2017,06,20-24,1799,0,22042321
2017,06,25-29,2531,0,23328936
2017,06,30-34,2716,0,21934476
2017,06,35-39,3000,0,21180305
2017,06,40-44,3405,0,19576279
2017,06,45-49,5407,0,20900207
2017,06,5-9,192,0,20309346
2017,06,50-54,8317,0,21332133
2017,06,55-59,13129,0,21946316
2017,06,60-64,16808,0,19928453
2017,06,65-69,19467,0,16793231
2017,06,70-74,22049,0,12811548
2017,06,75-79,23868,0,8722171
2017,06,80-84,26738,0,5959281
2017,06,85+,65927,0,6467173
2017,07,1,1780,0,3893990
2017,07,1-4,364,0,15996982
2017,07,10-14,288,0,20767794
2017,07,15-19,962,0,21094597
2017,07,20-24,1796,0,22042321
2017,07,25-29,2472,0,23328936
2017,07,30-34,2806,0,21934476
2017,07,35-39,3170,0,21180305
2017,07,40-44,3667,0,19576279
2017,07,45-49,5508,0,20900207
2017,07,5-9,249,0,20309346
2017,07,50-54,8477,0,21332133
2017,07,55-59,13317,0,21946316
2017,07,60-64,17099,0,19928453
2017,07,65-69,19978,0,16793231
2017,07,70-74,22537,0,12811548
2017,07,75-79,24158,0,8722171
2017,07,80-84,27046,0,5959281
2017,07,85+,66190,0,6467173
2017,08,1,1896,0,3893990
2017,08,1-4,329,0,15996982
2017,08,10-14,244,0,20767794
2017,08,15-19,960,0,21094597
2017,08,20-24,1775,0,22042321
2017,08,25-29,2463,0,23328936
2017,08,30-34,2774,0,21934476
2017,08,35-39,3190,0,21180305
2017,08,40-44,3542,0,19576279
2017,08,45-49,5600,0,20900207
2017,08,5-9,191,0,20309346
2017,08,50-54,8543,0,21332133
2017,08,55-59,12991,0,21946316
2017,08,60-64,16874,0,19928453
2017,08,65-69,19812,0,16793231
2017,08,70-74,22516,0,12811548
2017,08,75-79,24095,0,8722171
2017,08,80-84,27282,0,5959281
2017,08,85+,66799,0,6467173
2017,09,1,1906,0,3893990
2017,09,1-4,298,0,15996982
2017,09,10-14,254,0,20767794
2017,09,15-19,849,0,21094597
2017,09,20-24,1748,0,22042321
2017,09,25-29,2422,0,23328936
2017,09,30-34,2647,0,21934476
2017,09,35-39,2990,0,21180305
2017,09,40-44,3575,0,19576279
2017,09,45-49,5375,0,20900207
2017,09,5-9,167,0,20309346
2017,09,50-54,8381,0,21332133
2017,09,55-59,12886,0,21946316
2017,09,60-64,16717,0,19928453
2017,09,65-69,19406,0,16793231
2017,09,70-74,22592,0,12811548
2017,09,75-79,23802,0,8722171
2017,09,80-84,27043,0,5959281
2017,09,85+,67197,0,6467173
2017,10,1,1880,0,3893990
2017,10,1-4,292,0,15996982
2017,10,10-14,253,0,20767794
2017,10,15-19,930,0,21094597
2017,10,20-24,1750,0,22042321
2017,10,25-29,2322,0,23328936
2017,10,30-34,2629,0,21934476
2017,10,35-39,3068,0,21180305
2017,10,40-44,3577,0,19576279
2017,10,45-49,5344,0,20900207
2017,10,5-9,190,0,20309346
2017,10,50-54,8606,0,21332133
2017,10,55-59,13305,0,21946316
2017,10,60-64,17513,0,19928453
2017,10,65-69,20324,0,16793231
2017,10,70-74,23568,0,12811548
2017,10,75-79,25604,0,8722171
2017,10,80-84,28763,0,5959281
2017,10,85+,71193,0,6467173
2017,11,1,1798,0,3893990
2017,11,1-4,310,0,15996982
2017,11,10-14,282,0,20767794
2017,11,15-19,876,0,21094597
2017,11,20-24,1680,0,22042321
2017,11,25-29,2360,0,23328936
2017,11,30-34,2632,0,21934476
2017,11,35-39,2970,0,21180305
2017,11,40-44,3578,0,19576279
2017,11,45-49,5237,0,20900207
2017,11,5-9,167,0,20309346
2017,11,50-54,8190,0,21332133
2017,11,55-59,13144,0,21946316
2017,11,60-64,17394,0,19928453
2017,11,65-69,20537,0,16793231
2017,11,70-74,23667,0,12811548
2017,11,75-79,25297,0,8722171
2017,11,80-84,29024,0,5959281
2017,11,85+,71738,0,6467173
2017,12,1,1847,0,3893990
2017,12,1-4,338,0,15996982
2017,12,10-14,286,0,20767794
2017,12,15-19,913,0,21094597
2017,12,20-24,1744,0,22042321
2017,12,25-29,2298,0,23328936
2017,12,30-34,2721,0,21934476
2017,12,35-39,3226,0,21180305
2017,12,40-44,3752,0,19576279
2017,12,45-49,5795,0,20900207
2017,12,5-9,210,0,20309346
2017,12,50-54,9214,0,21332133
2017,12,55-59,14530,0,21946316
2017,12,60-64,19139,0,19928453
2017,12,65-69,22682,0,16793231
2017,12,70-74,26248,0,12811548
2017,12,75-79,28921,0,8722171
2017,12,80-84,32302,0,5959281
2017,12,85+,82477,0,6467173
2018,01,1,1900,0,3815343
2018,01,1-4,352,0,15947619
2018,01,10-14,272,0,20868629
2018,01,15-19,905,0,21064661
2018,01,20-24,1724,0,21808086
2018,01,25-29,2385,0,23510961
2018,01,30-34,2744,0,22099149
2018,01,35-39,3315,0,21532022
2018,01,40-44,3740,0,19681452
2018,01,45-49,6052,0,20718525
2018,01,5-9,230,0,20188285
2018,01,50-54,9636,0,20859181
2018,01,55-59,15614,0,21917682
2018,01,60-64,20657,0,20306567
2018,01,65-69,24525,0,17067219
2018,01,70-74,28778,0,13381964
2018,01,75-79,31962,0,9252075
2018,01,80-84,36510,0,6123781
2018,01,85+,95434,0,6544300
2018,02,1,1657,0,3815343
2018,02,1-4,296,0,15947619
2018,02,10-14,259,0,20868629
2018,02,15-19,805,0,21064661
2018,02,20-24,1450,0,21808086
2018,02,25-29,2016,0,23510961
2018,02,30-34,2416,0,22099149
2018,02,35-39,2899,0,21532022
2018,02,40-44,3345,0,19681452
2018,02,45-49,5181,0,20718525
2018,02,5-9,192,0,20188285
2018,02,50-54,8132,0,20859181
2018,02,55-59,13301,0,21917682
2018,02,60-64,17168,0,20306567
2018,02,65-69,20699,0,17067219
2018,02,70-74,24161,0,13381964
2018,02,75-79,26865,0,9252075
2018,02,80-84,29807,0,6123781
2018,02,85+,76343,0,6544300
2018,03,1,1872,0,3815343
2018,03,1-4,327,0,15947619
2018,03,10-14,273,0,20868629
2018,03,15-19,831,0,21064661
2018,03,20-24,1645,0,21808086
2018,03,25-29,2244,0,23510961
2018,03,30-34,2654,0,22099149
2018,03,35-39,3103,0,21532022
2018,03,40-44,3642,0,19681452
2018,03,45-49,5584,0,20718525
2018,03,5-9,205,0,20188285
2018,03,50-54,8728,0,20859181
2018,03,55-59,13871,0,21917682
2018,03,60-64,18677,0,20306567
2018,03,65-69,21768,0,17067219
2018,03,70-74,25211,0,13381964
2018,03,75-79,27937,0,9252075
2018,03,80-84,31139,0,6123781
2018,03,85+,79078,0,6544300
2018,04,1,1756,0,3815343
2018,04,1-4,271,0,15947619
2018,04,10-14,259,0,20868629
2018,04,15-19,803,0,21064661
2018,04,20-24,1603,0,21808086
2018,04,25-29,2284,0,23510961
2018,04,30-34,2445,0,22099149
2018,04,35-39,2987,0,21532022
2018,04,40-44,3443,0,19681452
2018,04,45-49,5292,0,20718525
2018,04,5-9,182,0,20188285
2018,04,50-54,8108,0,20859181
2018,04,55-59,13069,0,21917682
2018,04,60-64,17402,0,20306567
2018,04,65-69,20736,0,17067219
2018,04,70-74,24064,0,13381964
2018,04,75-79,26245,0,9252075
2018,04,80-84,29165,0,6123781
2018,04,85+,73037,0,6544300
2018,05,1,1785,0,3815343
2018,05,1-4,381,0,15947619
2018,05,10-14,271,0,20868629
2018,05,15-19,935,0,21064661
2018,05,20-24,1760,0,21808086
2018,05,25-29,2364,0,23510961
2018,05,30-34,2698,0,22099149
2018,05,35-39,3065,0,21532022
2018,05,40-44,3537,0,19681452
2018,05,45-49,5373,0,20718525
2018,05,5-9,203,0,20188285
2018,05,50-54,8245,0,20859181
2018,05,55-59,13069,0,21917682
2018,05,60-64,17518,0,20306567
2018,05,65-69,20379,0,17067219
2018,05,70-74,23536,0,13381964
2018,05,75-79,26000,0,9252075
2018,05,80-84,28197,0,6123781
2018,05,85+,69446,0,6544300
2018,06,1,1707,0,3815343
2018,06,1-4,336,0,15947619
2018,06,10-14,259,0,20868629
2018,06,15-19,922,0,21064661
2018,06,20-24,1700,0,21808086
2018,06,25-29,2382,0,23510961
2018,06,30-34,2607,0,22099149
2018,06,35-39,3309,0,21532022
2018,06,40-44,3533,0,19681452
2018,06,45-49,5237,0,20718525
2018,06,5-9,198,0,20188285
2018,06,50-54,8054,0,20859181
2018,06,55-59,12978,0,21917682
2018,06,60-64,16971,0,20306567
2018,06,65-69,19646,0,17067219
2018,06,70-74,22896,0,13381964
2018,06,75-79,24470,0,9252075
2018,06,80-84,26815,0,6123781
2018,06,85+,66073,0,6544300
2018,07,1,1826,0,3815343
2018,07,1-4,365,0,15947619
2018,07,10-14,271,0,20868629
2018,07,15-19,943,0,21064661
2018,07,20-24,1771,0,21808086
2018,07,25-29,2445,0,23510961
2018,07,30-34,2735,0,22099149
2018,07,35-39,3321,0,21532022
2018,07,40-44,3602,0,19681452
2018,07,45-49,5464,0,20718525
2018,07,5-9,206,0,20188285
2018,07,50-54,8360,0,20859181
2018,07,55-59,13139,0,21917682
2018,07,60-64,17515,0,20306567
2018,07,65-69,20068,0,17067219
2018,07,70-74,23252,0,13381964
2018,07,75-79,25366,0,9252075
2018,07,80-84,27564,0,6123781
2018,07,85+,66884,0,6544300
2018,08,1,1813,0,3815343
2018,08,1-4,333,0,15947619
2018,08,10-14,250,0,20868629
2018,08,15-19,831,0,21064661
2018,08,20-24,1684,0,21808086
2018,08,25-29,2370,0,23510961
2018,08,30-34,2707,0,22099149
2018,08,35-39,3190,0,21532022
2018,08,40-44,3685,0,19681452
2018,08,45-49,5442,0,20718525
2018,08,5-9,196,0,20188285
2018,08,50-54,8153,0,20859181
2018,08,55-59,13218,0,21917682
2018,08,60-64,17348,0,20306567
2018,08,65-69,19995,0,17067219
2018,08,70-74,23435,0,13381964
2018,08,75-79,25531,0,9252075
2018,08,80-84,27413,0,6123781
2018,08,85+,66649,0,6544300
2018,09,1,1830,0,3815343
2018,09,1-4,304,0,15947619
2018,09,10-14,241,0,20868629
2018,09,15-19,884,0,21064661
2018,09,20-24,1653,0,21808086
2018,09,25-29,2310,0,23510961
2018,09,30-34,2647,0,22099149
2018,09,35-39,3116,0,21532022
2018,09,40-44,3540,0,19681452
2018,09,45-49,5204,0,20718525
2018,09,5-9,176,0,20188285
2018,09,50-54,7911,0,20859181
2018,09,55-59,12614,0,21917682
2018,09,60-64,16454,0,20306567
2018,09,65-69,19793,0,17067219
2018,09,70-74,22678,0,13381964
2018,09,75-79,24972,0,9252075
2018,09,80-84,26884,0,6123781
2018,09,85+,65471,0,6544300
2018,10,1,1858,0,3815343
2018,10,1-4,276,0,15947619
2018,10,10-14,259,0,20868629
2018,10,15-19,878,0,21064661
2018,10,20-24,1708,0,21808086
2018,10,25-29,2281,0,23510961
2018,10,30-34,2631,0,22099149
2018,10,35-39,3089,0,21532022
2018,10,40-44,3592,0,19681452
2018,10,45-49,5291,0,20718525
2018,10,5-9,179,0,20188285
2018,10,50-54,8178,0,20859181
2018,10,55-59,13166,0,21917682
2018,10,60-64,17689,0,20306567
2018,10,65-69,20825,0,17067219
2018,10,70-74,24361,0,13381964
2018,10,75-79,26934,0,9252075
2018,10,80-84,29031,0,6123781
2018,10,85+,71659,0,6544300
2018,11,1,1724,0,3815343
2018,11,1-4,316,0,15947619
2018,11,10-14,247,0,20868629
2018,11,15-19,832,0,21064661
2018,11,20-24,1530,0,21808086
2018,11,25-29,2190,0,23510961
2018,11,30-34,2468,0,22099149
2018,11,35-39,3044,0,21532022
2018,11,40-44,3507,0,19681452
2018,11,45-49,5169,0,20718525
2018,11,5-9,168,0,20188285
2018,11,50-54,7935,0,20859181
2018,11,55-59,13055,0,21917682
2018,11,60-64,17708,0,20306567
2018,11,65-69,20758,0,17067219
2018,11,70-74,24261,0,13381964
2018,11,75-79,26891,0,9252075
2018,11,80-84,29215,0,6123781
2018,11,85+,72345,0,6544300
2018,12,1,1739,0,3815343
2018,12,1-4,273,0,15947619
2018,12,10-14,259,0,20868629
2018,12,15-19,811,0,21064661
2018,12,20-24,1546,0,21808086
2018,12,25-29,2190,0,23510961
2018,12,30-34,2631,0,22099149
2018,12,35-39,3179,0,21532022
2018,12,40-44,3597,0,19681452
2018,12,45-49,5584,0,20718525
2018,12,5-9,195,0,20188285
2018,12,50-54,8524,0,20859181
2018,12,55-59,13869,0,21917682
2018,12,60-64,18766,0,20306567
2018,12,65-69,22054,0,17067219
2018,12,70-74,25899,0,13381964
2018,12,75-79,28572,0,9252075
2018,12,80-84,31720,0,6123781
2018,12,85+,77861,0,6544300
2019,01,1,1706,0,3783052
2019,01,1-4,303,0,15793631
2019,01,10-14,255,0,20798268
2019,01,15-19,788,0,21054570
2019,01,20-24,1536,0,21632940
2019,01,25-29,2106,0,23509016
2019,01,30-34,2487,0,22431305
2019,01,35-39,3265,0,21737521
2019,01,40-44,3716,0,19921623
2019,01,45-49,5592,0,20397751
2019,01,5-9,216,0,20195895
2019,01,50-54,8748,0,20477151
2019,01,55-59,14318,0,21877391
2019,01,60-64,19516,0,20571146
2019,01,65-69,22905,0,17455001
2019,01,70-74,26848,0,14028432
2019,01,75-79,29757,0,9652665
2019,01,80-84,32748,0,6317207
2019,01,85+,80830,0,6604958
2019,02,1,1635,0,3783052
2019,02,1-4,304,0,15793631
2019,02,10-14,245,0,20798268
2019,02,15-19,727,0,21054570
2019,02,20-24,1380,0,21632940
2019,02,25-29,1981,0,23509016
2019,02,30-34,2391,0,22431305
2019,02,35-39,2811,0,21737521
2019,02,40-44,3363,0,19921623
2019,02,45-49,5189,0,20397751
2019,02,5-9,191,0,20195895
2019,02,50-54,7738,0,20477151
2019,02,55-59,12752,0,21877391
2019,02,60-64,17745,0,20571146
2019,02,65-69,20605,0,17455001
2019,02,70-74,24737,0,14028432
2019,02,75-79,26903,0,9652665
2019,02,80-84,29623,0,6317207
2019,02,85+,72493,0,6604958
2019,03,1,1838,0,3783052
2019,03,1-4,290,0,15793631
2019,03,10-14,246,0,20798268
2019,03,15-19,827,0,21054570
2019,03,20-24,1561,0,21632940
2019,03,25-29,2258,0,23509016
2019,03,30-34,2692,0,22431305
2019,03,35-39,3279,0,21737521
2019,03,40-44,3780,0,19921623
2019,03,45-49,5486,0,20397751
2019,03,5-9,213,0,20195895
2019,03,50-54,8511,0,20477151
2019,03,55-59,14037,0,21877391
2019,03,60-64,19119,0,20571146
2019,03,65-69,22649,0,17455001
2019,03,70-74,26906,0,14028432
2019,03,75-79,29176,0,9652665
2019,03,80-84,32277,0,6317207
2019,03,85+,79773,0,6604958
2019,04,1,1734,0,3783052
2019,04,1-4,322,0,15793631
2019,04,10-14,270,0,20798268
2019,04,15-19,826,0,21054570
2019,04,20-24,1507,0,21632940
2019,04,25-29,2190,0,23509016
2019,04,30-34,2549,0,22431305
2019,04,35-39,3108,0,21737521
2019,04,40-44,3667,0,19921623
2019,04,45-49,5150,0,20397751
2019,04,5-9,167,0,20195895
2019,04,50-54,7949,0,20477151
2019,04,55-59,12967,0,21877391
2019,04,60-64,17842,0,20571146
2019,04,65-69,20908,0,17455001
2019,04,70-74,24750,0,14028432
2019,04,75-79,27252,0,9652665
2019,04,80-84,29918,0,6317207
2019,04,85+,72168,0,6604958
2019,05,1,1800,0,3783052
2019,05,1-4,350,0,15793631
2019,05,10-14,264,0,20798268
2019,05,15-19,908,0,21054570
2019,05,20-24,1694,0,21632940
2019,05,25-29,2220,0,23509016
2019,05,30-34,2755,0,22431305
2019,05,35-39,3286,0,21737521
2019,05,40-44,3634,0,19921623
2019,05,45-49,5335,0,20397751
2019,05,5-9,193,0,20195895
2019,05,50-54,8189,0,20477151
2019,05,55-59,13159,0,21877391
2019,05,60-64,18022,0,20571146
2019,05,65-69,21288,0,17455001
2019,05,70-74,24839,0,14028432
2019,05,75-79,27594,0,9652665
2019,05,80-84,29653,0,6317207
2019,05,85+,71698,0,6604958
2019,06,1,1783,0,3783052
2019,06,1-4,335,0,15793631
2019,06,10-14,282,0,20798268
2019,06,15-19,944,0,21054570
2019,06,20-24,1634,0,21632940
2019,06,25-29,2269,0,23509016
2019,06,30-34,2738,0,22431305
2019,06,35-39,3182,0,21737521
2019,06,40-44,3599,0,19921623
2019,06,45-49,5246,0,20397751
2019,06,5-9,215,0,20195895
2019,06,50-54,7727,0,20477151
2019,06,55-59,12773,0,21877391
2019,06,60-64,17126,0,20571146
2019,06,65-69,20217,0,17455001
2019,06,70-74,23797,0,14028432
2019,06,75-79,25937,0,9652665
2019,06,80-84,27795,0,6317207
2019,06,85+,67810,0,6604958
2019,07,1,1768,0,3783052
2019,07,1-4,318,0,15793631
2019,07,10-14,278,0,20798268
2019,07,15-19,888,0,21054570
2019,07,20-24,1757,0,21632940
2019,07,25-29,2409,0,23509016
2019,07,30-34,2820,0,22431305
2019,07,35-39,3257,0,21737521
2019,07,40-44,3786,0,19921623
2019,07,45-49,5385,0,20397751
2019,07,5-9,225,0,20195895
2019,07,50-54,8226,0,20477151
2019,07,55-59,13197,0,21877391
2019,07,60-64,17451,0,20571146
2019,07,65-69,20618,0,17455001
2019,07,70-74,24057,0,14028432
2019,07,75-79,26191,0,9652665
2019,07,80-84,28269,0,6317207
2019,07,85+,68295,0,6604958
2019,08,1,1778,0,3783052
2019,08,1-4,317,0,15793631
2019,08,10-14,270,0,20798268
2019,08,15-19,864,0,21054570
2019,08,20-24,1706,0,21632940
2019,08,25-29,2410,0,23509016
2019,08,30-34,2790,0,22431305
2019,08,35-39,3344,0,21737521
2019,08,40-44,3799,0,19921623
2019,08,45-49,5160,0,20397751
2019,08,5-9,169,0,20195895
2019,08,50-54,7808,0,20477151
2019,08,55-59,12711,0,21877391
2019,08,60-64,17503,0,20571146
2019,08,65-69,20515,0,17455001
2019,08,70-74,24118,0,14028432
2019,08,75-79,26127,0,9652665
2019,08,80-84,28118,0,6317207
2019,08,85+,67753,0,6604958
2019,09,1,1720,0,3783052
2019,09,1-4,280,0,15793631
2019,09,10-14,268,0,20798268
2019,09,15-19,861,0,21054570
2019,09,20-24,1651,0,21632940
2019,09,25-29,2212,0,23509016
2019,09,30-34,2689,0,22431305
2019,09,35-39,3214,0,21737521
2019,09,40-44,3673,0,19921623
2019,09,45-49,5092,0,20397751
2019,09,5-9,171,0,20195895
2019,09,50-54,7536,0,20477151
2019,09,55-59,12652,0,21877391
2019,09,60-64,16827,0,20571146
2019,09,65-69,19819,0,17455001
2019,09,70-74,23435,0,14028432
2019,09,75-79,25731,0,9652665
2019,09,80-84,27663,0,6317207
2019,09,85+,67204,0,6604958
2019,10,1,1697,0,3783052
2019,10,1-4,266,0,15793631
2019,10,10-14,244,0,20798268
2019,10,15-19,915,0,21054570
2019,10,20-24,1671,0,21632940
2019,10,25-29,2310,0,23509016
2019,10,30-34,2725,0,22431305
2019,10,35-39,3270,0,21737521
2019,10,40-44,3714,0,19921623
2019,10,45-49,5152,0,20397751
2019,10,5-9,171,0,20195895
2019,10,50-54,7999,0,20477151
2019,10,55-59,12843,0,21877391
2019,10,60-64,18001,0,20571146
2019,10,65-69,20971,0,17455001
2019,10,70-74,25378,0,14028432
2019,10,75-79,27558,0,9652665
2019,10,80-84,29862,0,6317207
2019,10,85+,72909,0,6604958
2019,11,1,1700,0,3783052
2019,11,1-4,258,0,15793631
2019,11,10-14,265,0,20798268
2019,11,15-19,854,0,21054570
2019,11,20-24,1673,0,21632940
2019,11,25-29,2273,0,23509016
2019,11,30-34,2670,0,22431305
2019,11,35-39,3207,0,21737521
2019,11,40-44,3684,0,19921623
2019,11,45-49,5402,0,20397751
2019,11,5-9,186,0,20195895
2019,11,50-54,7848,0,20477151
2019,11,55-59,13151,0,21877391
2019,11,60-64,18002,0,20571146
2019,11,65-69,21462,0,17455001
2019,11,70-74,25365,0,14028432
2019,11,75-79,27593,0,9652665
2019,11,80-84,30037,0,6317207
2019,11,85+,73383,0,6604958
2019,12,1,1762,0,3783052
2019,12,1-4,333,0,15793631
2019,12,10-14,277,0,20798268
2019,12,15-19,856,0,21054570
2019,12,20-24,1743,0,21632940
2019,12,25-29,2331,0,23509016
2019,12,30-34,2903,0,22431305
2019,12,35-39,3415,0,21737521
2019,12,40-44,3933,0,19921623
2019,12,45-49,5550,0,20397751
2019,12,5-9,216,0,20195895
2019,12,50-54,8375,0,20477151
2019,12,55-59,13893,0,21877391
2019,12,60-64,19330,0,20571146
2019,12,65-69,22455,0,17455001
2019,12,70-74,26917,0,14028432
2019,12,75-79,29674,0,9652665
2019,12,80-84,32571,0,6317207
2019,12,85+,79430,0,6604958
2020,01,1,1777,0,3703341
2020,01,1-4,312,0,15590948
2020,01,10-14,286,0,21697125
2020,01,15-19,930,0,21547434
2020,01,20-24,1646,0,21479997
2020,01,25-29,2214,0,22805104
2020,01,30-34,2974,0,22878453
2020,01,35-39,3466,0,22236095
2020,01,40-44,4086,0,20673585
2020,01,45-49,5657,0,20320470
2020,01,5-9,182,0,20347781
2020,01,50-54,8684,0,20781162
2020,01,55-59,14193,0,22029536
2020,01,60-64,19955,0,21027118
2020,01,65-69,23714,0,17996516
2020,01,70-74,28681,0,14574012
2020,01,75-79,30796,0,9660846
2020,01,80-84,33105,0,6160332
2020,01,85+,81396,0,6067865
2020,02,1,1673,0,3703341
2020,02,1-4,325,0,15590948
2020,02,10-14,276,0,21697125
2020,02,15-19,842,0,21547434
2020,02,20-24,1548,0,21479997
2020,02,25-29,2212,0,22805104
2020,02,30-34,2796,0,22878453
2020,02,35-39,3163,0,22236095
2020,02,40-44,3733,0,20673585
2020,02,45-49,5254,0,20320470
2020,02,5-9,181,0,20347781
2020,02,50-54,8075,0,20781162
2020,02,55-59,13149,0,22029536
2020,02,60-64,18723,0,21027118
2020,02,65-69,21873,0,17996516
2020,02,70-74,26217,0,14574012
2020,02,75-79,29027,0,9660846
2020,02,80-84,30509,0,6160332
2020,02,85+,74843,0,6067865
2020,03,1,1646,0,3703341
2020,03,1-4,327,0,15590948
2020,03,10-14,261,0,21697125
2020,03,15-19,860,0,21547434
2020,03,20-24,1773,10,21479997
2020,03,25-29,2514,31,22805104
2020,03,30-34,2979,62,22878453
2020,03,35-39,3746,88,22236095
2020,03,40-44,4248,131,20673585
2020,03,45-49,5786,198,20320470
2020,03,5-9,172,0,20347781
2020,03,50-54,8814,298,20781162
2020,03,55-59,14494,425,22029536
2020,03,60-64,20538,559,21027118
2020,03,65-69,24302,678,17996516
2020,03,70-74,28889,850,14574012
2020,03,75-79,31953,878,9660846
2020,03,80-84,34103,906,6160332
2020,03,85+,81823,1629,6067865
2020,04,1,1569,0,3703341
2020,04,1-4,248,0,15590948
2020,04,10-14,252,0,21697125
2020,04,15-19,891,11,21547434
2020,04,20-24,1930,62,21479997
2020,04,25-29,2776,140,22805104
2020,04,30-34,3346,258,22878453
2020,04,35-39,4051,413,22236095
2020,04,40-44,4952,637,20673585
2020,04,45-49,6900,1179,20320470
2020,04,5-9,163,0,20347781
2020,04,50-54,10410,1864,20781162
2020,04,55-59,16818,2968,22029536
2020,04,60-64,23838,4577,21027118
2020,04,65-69,28613,5844,17996516
2020,04,70-74,34739,7300,14574012
2020,04,75-79,37862,8052,9660846
2020,04,80-84,41085,8734,6160332
2020,04,85+,101423,19775,6067865
2020,05,1,1692,0,3703341
2020,05,1-4,321,0,15590948
2020,05,10-14,261,0,21697125
2020,05,15-19,1059,0,21547434
2020,05,20-24,2012,34,21479997
2020,05,25-29,2906,73,22805104
2020,05,30-34,3677,134,22878453
2020,05,35-39,4289,196,22236095
2020,05,40-44,4949,348,20673585
2020,05,45-49,6673,611,20320470
2020,05,5-9,196,0,20347781
2020,05,50-54,9822,980,20781162
2020,05,55-59,15294,1626,22029536
2020,05,60-64,21348,2446,21027118
2020,05,65-69,25005,3294,17996516
2020,05,70-74,29702,3958,14574012
2020,05,75-79,32199,4340,9660846
2020,05,80-84,34213,4668,6160332
2020,05,85+,84524,12456,6067865
2020,06,1,1664,0,3703341
2020,06,1-4,308,0,15590948
2020,06,10-14,299,0,21697125
2020,06,15-19,1110,0,21547434
2020,06,20-24,2121,27,21479997
2020,06,25-29,2966,54,22805104
2020,06,30-34,3594,105,22878453
2020,06,35-39,4034,150,22236095
2020,06,40-44,4573,234,20673585
2020,06,45-49,6302,391,20320470
2020,06,5-9,227,0,20347781
2020,06,50-54,9349,649,20781162
2020,06,55-59,14234,896,22029536
2020,06,60-64,19498,1258,21027118
2020,06,65-69,22816,1515,17996516
2020,06,70-74,26716,1870,14574012
2020,06,75-79,28542,1891,9660846
2020,06,80-84,30140,2057,6160332
2020,06,85+,71493,4653,6067865
2020,07,1,1649,0,3703341
2020,07,1-4,349,0,15590948
2020,07,10-14,323,0,21697125
2020,07,15-19,1176,16,21547434
2020,07,20-24,2305,70,21479997
2020,07,25-29,3112,119,22805104
2020,07,30-34,3768,192,22878453
2020,07,35-39,4564,307,22236095
2020,07,40-44,5310,498,20673585
2020,07,45-49,6965,729,20320470
2020,07,5-9,219,0,20347781
2020,07,50-54,10168,1123,20781162
2020,07,55-59,16184,1721,22029536
2020,07,60-64,21960,2403,21027118
2020,07,65-69,25779,3005,17996516
2020,07,70-74,30317,3543,14574012
2020,07,75-79,32170,3621,9660846
2020,07,80-84,33798,3692,6160332
2020,07,85+,78279,7122,6067865
2020,08,1,1621,0,3703341
2020,08,1-4,278,0,15590948
2020,08,10-14,270,0,21697125
2020,08,15-19,1184,15,21547434
2020,08,20-24,2188,38,21479997
2020,08,25-29,2980,59,22805104
2020,08,30-34,3734,130,22878453
2020,08,35-39,4373,199,22236095
2020,08,40-44,5017,381,20673585
2020,08,45-49,6704,648,20320470
2020,08,5-9,191,0,20347781
2020,08,50-54,9897,937,20781162
2020,08,55-59,15624,1545,22029536
2020,08,60-64,21650,2271,21027118
2020,08,65-69,25602,2909,17996516
2020,08,70-74,30290,3465,14574012
2020,08,75-79,32268,3620,9660846
2020,08,80-84,34323,3673,6160332
2020,08,85+,78530,7040,6067865
2020,09,1,1602,0,3703341
2020,09,1-4,264,0,15590948
2020,09,10-14,294,0,21697125
2020,09,15-19,1062,0,21547434
2020,09,20-24,2059,19,21479997
2020,09,25-29,2701,46,22805104
2020,09,30-34,3381,77,22878453
2020,09,35-39,3902,113,22236095
2020,09,40-44,4601,201,20673585
2020,09,45-49,6049,347,20320470
2020,09,5-9,167,0,20347781
2020,09,50-54,9017,530,20781162
2020,09,55-59,14341,899,22029536
2020,09,60-64,19738,1339,21027118
2020,09,65-69,23351,1714,17996516
2020,09,70-74,28237,2242,14574012
2020,09,75-79,29937,2273,9660846
2020,09,80-84,31552,2335,6160332
2020,09,85+,74470,4660,6067865
2020,10,1,1587,0,3703341
2020,10,1-4,282,0,15590948
2020,10,10-14,299,0,21697125
2020,10,15-19,1042,0,21547434
2020,10,20-24,2026,23,21479997
2020,10,25-29,2790,44,22805104
2020,10,30-34,3384,69,22878453
2020,10,35-39,4007,119,22236095
2020,10,40-44,4662,221,20673585
2020,10,45-49,6164,363,20320470
2020,10,5-9,187,0,20347781
2020,10,50-54,9213,577,20781162
2020,10,55-59,14903,935,22029536
2020,10,60-64,20788,1512,21027118
2020,10,65-69,24926,2059,17996516
2020,10,70-74,29927,2802,14574012
2020,10,75-79,32306,3151,9660846
2020,10,80-84,34185,3204,6160332
2020,10,85+,80761,6937,6067865
2020,11,1,1559,0,3703341
2020,11,1-4,257,0,15590948
2020,11,10-14,314,0,21697125
2020,11,15-19,1071,18,21547434
2020,11,20-24,1932,29,21479997
2020,11,25-29,2689,84,22805104
2020,11,30-34,3496,164,22878453
2020,11,35-39,4143,231,22236095
2020,11,40-44,4802,386,20673585
2020,11,45-49,6407,685,20320470
2020,11,5-9,172,0,20347781
2020,11,50-54,9623,1128,20781162
2020,11,55-59,15533,1863,22029536
2020,11,60-64,22138,3075,21027118
2020,11,65-69,27161,4248,17996516
2020,11,70-74,33546,5842,14574012
2020,11,75-79,36242,6773,9660846
2020,11,80-84,38957,7453,6160332
2020,11,85+,92038,15948,6067865
2020,12,1,1543,0,3703341
2020,12,1-4,258,0,15590948
2020,12,10-14,278,0,21697125
2020,12,15-19,1051,27,21547434
2020,12,20-24,1998,71,21479997
2020,12,25-29,2836,142,22805104
2020,12,30-34,3661,271,22878453
2020,12,35-39,4343,449,22236095
2020,12,40-44,5476,775,20673585
2020,12,45-49,7570,1447,20320470
2020,12,5-9,153,0,20347781
2020,12,50-54,11639,2277,20781162
2020,12,55-59,18461,3751,22029536
2020,12,60-64,27147,6018,21027118
2020,12,65-69,33246,8234,17996516
2020,12,70-74,40858,10902,14574012
2020,12,75-79,44889,12599,9660846
2020,12,80-84,47923,13105,6160332
2020,12,85+,113225,29306,6067865
2021,01,1,1670,0,3572166
2021,01,1-4,271,0,15280040
2021,01,10-14,256,0,21467309
2021,01,15-19,1047,25,21583031
2021,01,20-24,2051,83,21550515
2021,01,25-29,2993,207,22409411
2021,01,30-34,3876,381,23117775
2021,01,35-39,4790,572,22314226
2021,01,40-44,5776,936,21113321
2021,01,45-49,7840,1666,19790750
2021,01,5-9,178,0,20310298
2021,01,50-54,12217,2784,20908074
2021,01,55-59,19362,4576,21569288
2021,01,60-64,28484,7404,21221292
2021,01,65-69,34781,9677,18373819
2021,01,70-74,42837,12709,15251000
2021,01,75-79,45731,13789,9895801
2021,01,80-84,48312,13788,6302594
2021,01,85+,110430,27620,6069050
2021,02,1,1482,0,3572166
2021,02,1-4,264,0,15280040
2021,02,10-14,267,0,21467309
2021,02,15-19,900,14,21583031
2021,02,20-24,1745,49,21550515
2021,02,25-29,2490,94,22409411
2021,02,30-34,3256,173,23117775
2021,02,35-39,3932,272,22314226
2021,02,40-44,4697,443,21113321
2021,02,45-49,6318,861,19790750
2021,02,5-9,165,0,20310298
2021,02,50-54,9830,1435,20908074
2021,02,55-59,15314,2453,21569288
2021,02,60-64,22433,3800,21221292
2021,02,65-69,26949,4894,18373819
2021,02,70-74,32839,6073,15251000
2021,02,75-79,34084,6044,9895801
2021,02,80-84,35318,5873,6302594
2021,02,85+,79732,10270,6069050
2021,03,1,1660,0,3572166
2021,03,1-4,264,0,15280040
2021,03,10-14,306,0,21467309
2021,03,15-19,1095,12,21583031
2021,03,20-24,2007,21,21550515
2021,03,25-29,2807,56,22409411
2021,03,30-34,3537,105,23117775
2021,03,35-39,4203,168,22314226
2021,03,40-44,5092,316,21113321
2021,03,45-49,6533,544,19790750
2021,03,5-9,191,0,20310298
2021,03,50-54,9833,863,20908074
2021,03,55-59,15104,1372,21569288
2021,03,60-64,21502,2059,21221292
2021,03,65-69,25418,2455,18373819
2021,03,70-74,30746,2876,15251000
2021,03,75-79,32044,2648,9895801
2021,03,80-84,33379,2335,6302594
2021,03,85+,74799,3755,6069050
2021,04,1,1653,0,3572166
2021,04,1-4,317,0,15280040
2021,04,10-14,260,0,21467309
2021,04,15-19,1105,0,21583031
2021,04,20-24,2039,32,21550515
2021,04,25-29,2776,66,22409411
2021,04,30-34,3622,143,23117775
2021,04,35-39,4191,182,22314226
2021,04,40-44,5131,348,21113321
2021,04,45-49,6384,573,19790750
2021,04,5-9,195,0,20310298
2021,04,50-54,9565,907,20908074
2021,04,55-59,14846,1307,21569288
2021,04,60-64,20830,1830,21221292
2021,04,65-69,24326,1986,18373819
2021,04,70-74,29151,2109,15251000
2021,04,75-79,29850,1922,9895801
2021,04,80-84,30876,1741,6302594
2021,04,85+,69397,2795,6069050
2021,05,1,1709,0,3572166
2021,05,1-4,355,0,15280040
2021,05,10-14,304,0,21467309
2021,05,15-19,1161,17,21583031
2021,05,20-24,2218,35,21550515
2021,05,25-29,2943,76,22409411
2021,05,30-34,3799,126,23117775
2021,05,35-39,4403,180,22314226
2021,05,40-44,5082,293,21113321
2021,05,45-49,6407,473,19790750
2021,05,5-9,213,0,20310298
2021,05,50-54,9639,754,20908074
2021,05,55-59,14856,1170,21569288
2021,05,60-64,21030,1520,21221292
2021,05,65-69,24347,1604,18373819
2021,05,70-74,29197,1755,15251000
2021,05,75-79,29900,1514,9895801
2021,05,80-84,30787,1257,6302594
2021,05,85+,69444,1909,6069050
2021,06,1,1610,0,3572166
2021,06,1-4,338,0,15280040
2021,06,10-14,358,0,21467309
2021,06,15-19,1218,0,21583031
2021,06,20-24,2098,18,21550515
2021,06,25-29,2842,41,22409411
2021,06,30-34,3708,69,23117775
2021,06,35-39,4309,93,22314226
2021,06,40-44,5096,194,21113321
2021,06,45-49,6024,285,19790750
2021,06,5-9,210,0,20310298
2021,06,50-54,9107,464,20908074
2021,06,55-59,14059,602,21569288
2021,06,60-64,19814,792,21221292
2021,06,65-69,23089,850,18373819
2021,06,70-74,27313,832,15251000
2021,06,75-79,28285,722,9895801
2021,06,80-84,29390,620,6302594
2021,06,85+,65793,934,6069050
2021,07,1,1688,0,3572166
2021,07,1-4,353,0,15280040
2021,07,10-14,310,0,21467309
2021,07,15-19,1181,20,21583031
2021,07,20-24,2162,55,21550515
2021,07,25-29,2963,87,22409411
2021,07,30-34,3957,140,23117775
2021,07,35-39,4493,216,22314226
2021,07,40-44,5443,365,21113321
2021,07,45-49,6602,482,19790750
2021,07,5-9,226,0,20310298
2021,07,50-54,9555,679,20908074
2021,07,55-59,14641,860,21569288
2021,07,60-64,20660,1119,21221292
2021,07,65-69,24317,1093,18373819
2021,07,70-74,28686,1153,15251000
2021,07,75-79,29805,1048,9895801
2021,07,80-84,30842,955,6302594
2021,07,85+,69434,1416,6069050
2021,08,1,1702,16,3572166
2021,08,1-4,342,10,15280040
2021,08,10-14,308,15,21467309
2021,08,15-19,1149,60,21583031
2021,08,20-24,2225,203,21550515
2021,08,25-29,3440,427,22409411
2021,08,30-34,4639,733,23117775
2021,08,35-39,5614,1168,22314226
2021,08,40-44,7000,1708,21113321
2021,08,45-49,8562,2458,19790750
2021,08,5-9,228,0,20310298
2021,08,50-54,12723,3378,20908074
2021,08,55-59,18584,4175,21569288
2021,08,60-64,25458,5007,21221292
2021,08,65-69,29352,5142,18373819
2021,08,70-74,34324,5568,15251000
2021,08,75-79,34905,4786,9895801
2021,08,80-84,35187,4257,6302594
2021,08,85+,77511,6233,6069050
2021,09,1,1720,20,3572166
2021,09,1-4,337,11,15280040
2021,09,10-14,306,20,21467309
2021,09,15-19,1168,74,21583031
2021,09,20-24,2218,227,21550515
2021,09,25-29,3315,410,22409411
2021,09,30-34,4644,904,23117775
2021,09,35-39,5809,1424,22314226
2021,09,40-44,7229,2174,21113321
2021,09,45-49,9072,3083,19790750
2021,09,5-9,184,13,20310298
2021,09,50-54,13485,4358,20908074
2021,09,55-59,19578,5664,21569288
2021,09,60-64,26929,6939,21221292
2021,09,65-69,30705,7108,18373819
2021,09,70-74,35568,7295,15251000
2021,09,75-79,35862,6309,9895801
2021,09,80-84,35837,5220,6302594
2021,09,85+,77852,7830,6069050
2021,10,1,1717,0,3572166
2021,10,1-4,323,0,15280040
2021,10,10-14,299,0,21467309
2021,10,15-19,1218,46,21583031
2021,10,20-24,2199,122,21550515
2021,10,25-29,3060,253,22409411
2021,10,30-34,4219,503,23117775
2021,10,35-39,5116,834,22314226
2021,10,40-44,6292,1176,21113321
2021,10,45-49,7915,1803,19790750
2021,10,5-9,175,0,20310298
2021,10,50-54,11723,2593,20908074
2021,10,55-59,17667,3480,21569288
2021,10,60-64,24383,4461,21221292
2021,10,65-69,29120,4768,18373819
2021,10,70-74,33834,4901,15251000
2021,10,75-79,35016,4226,9895801
2021,10,80-84,35785,3542,6302594
2021,10,85+,79525,5944,6069050
2021,11,1,1589,0,3572166
2021,11,1-4,312,0,15280040
2021,11,10-14,282,0,21467309
2021,11,15-19,1075,30,21583031
2021,11,20-24,1919,95,21550515
2021,11,25-29,2720,154,22409411
2021,11,30-34,3756,322,23117775
2021,11,35-39,4672,508,22314226
2021,11,40-44,5547,753,21113321
2021,11,45-49,6817,1076,19790750
2021,11,5-9,210,0,20310298
2021,11,50-54,10434,1662,20908074
2021,11,55-59,15890,2309,21569288
2021,11,60-64,23167,3066,21221292
2021,11,65-69,27546,3470,18373819
2021,11,70-74,32335,3725,15251000
2021,11,75-79,34803,3477,9895801
2021,11,80-84,35620,3098,6302594
2021,11,85+,79785,5182,6069050
2021,12,1,1720,12,3572166
2021,12,1-4,340,0,15280040
2021,12,10-14,313,0,21467309
2021,12,15-19,1090,43,21583031
2021,12,20-24,2019,110,21550515
2021,12,25-29,2846,228,22409411
2021,12,30-34,4066,435,23117775
2021,12,35-39,4871,679,22314226
2021,12,40-44,6151,1004,21113321
2021,12,45-49,7670,1398,19790750
2021,12,5-9,231,14,20310298
2021,12,50-54,11782,2302,20908074
2021,12,55-59,17707,3237,21569288
2021,12,60-64,25873,4523,21221292
2021,12,65-69,31034,5102,18373819
2021,12,70-74,36452,5571,15251000
2021,12,75-79,38582,5098,9895801
2021,12,80-84,39453,4538,6302594
2021,12,85+,87078,7046,6069050
2022,01,1,1674,37,3680587
2022,01,1-4,310,20,15030367
2022,01,10-14,300,24,21196255
2022,01,15-19,992,59,21897394
2022,01,20-24,2066,132,21746610
2022,01,25-29,2916,305,22252820
2022,01,30-34,4216,513,23471714
2022,01,35-39,5052,716,22441817
2022,01,40-44,6540,1218,21554385
2022,01,45-49,8239,1958,19701444
2022,01,5-9,187,17,20308817
2022,01,50-54,12614,2988,20885616
2022,01,55-59,20007,4611,21078243
2022,01,60-64,29143,6680,21266215
2022,01,65-69,35247,7952,18779450
2022,01,70-74,42010,9253,15225260
2022,01,75-79,45825,9813,10845692
2022,01,80-84,46801,9096,6550388
2022,01,85+,105301,17073,6104247
2022,02,1,1508,14,3680587
2022,02,1-4,292,0,15030367
2022,02,10-14,265,0,21196255
2022,02,15-19,984,27,21897394
2022,02,20-24,1766,53,21746610
2022,02,25-29,2478,102,22252820
2022,02,30-34,3401,209,23471714
2022,02,35-39,4173,313,22441817
2022,02,40-44,4975,470,21554385
2022,02,45-49,6206,788,19701444
2022,02,5-9,188,10,20308817
2022,02,50-54,9778,1387,20885616
2022,02,55-59,15159,2403,21078243
2022,02,60-64,22133,3618,21266215
2022,02,65-69,27569,4741,18779450
2022,02,70-74,33260,5713,15225260
2022,02,75-79,36617,5987,10845692
2022,02,80-84,37301,5517,6550388
2022,02,85+,82245,9594,6104247
2022,03,1,1682,0,3680587
2022,03,1-4,320,0,15030367
2022,03,10-14,312,0,21196255
2022,03,15-19,1033,10,21897394
2022,03,20-24,1834,15,21746610
2022,03,25-29,2671,35,22252820
2022,03,30-34,3620,54,23471714
2022,03,35-39,4108,76,22441817
2022,03,40-44,4997,118,21554385
2022,03,45-49,6059,205,19701444
2022,03,5-9,183,0,20308817
2022,03,50-54,9016,355,20885616
2022,03,55-59,14074,630,21078243
2022,03,60-64,20566,1002,21266215
2022,03,65-69,25023,1305,18779450
2022,03,70-74,30053,1596,15225260
2022,03,75-79,33038,1619,10845692
2022,03,80-84,34033,1436,6550388
2022,03,85+,75614,2491,6104247
2022,04,1,1622,0,3680587
2022,04,1-4,324,0,15030367
2022,04,10-14,289,0,21196255
2022,04,15-19,963,0,21897394
2022,04,20-24,1760,0,21746610
2022,04,25-29,2500,17,22252820
2022,04,30-34,3406,21,23471714
2022,04,35-39,3830,32,22441817
2022,04,40-44,4705,47,21554385
2022,04,45-49,5560,66,19701444
2022,04,5-9,199,0,20308817
2022,04,50-54,8330,113,20885616
2022,04,55-59,12802,197,21078243
2022,04,60-64,18887,286,21266215
2022,04,65-69,22886,341,18779450
2022,04,70-74,27038,446,15225260
2022,04,75-79,30475,543,10845692
2022,04,80-84,31036,466,6550388
2022,04,85+,69465,1060,6104247
2022,05,1,1735,0,3680587
2022,05,1-4,371,0,15030367
2022,05,10-14,316,0,21196255
2022,05,15-19,1093,0,21897394
2022,05,20-24,1957,0,21746610
2022,05,25-29,2619,16,22252820
2022,05,30-34,3443,24,23471714
2022,05,35-39,4134,45,22441817
2022,05,40-44,4942,50,21554385
2022,05,45-49,5738,71,19701444
2022,05,5-9,230,0,20308817
2022,05,50-54,8733,89,20885616
2022,05,55-59,13195,184,21078243
2022,05,60-64,19275,286,21266215
2022,05,65-69,23643,392,18779450
2022,05,70-74,27736,514,15225260
2022,05,75-79,31343,578,10845692
2022,05,80-84,32002,685,6550388
2022,05,85+,71886,1839,6104247
2022,06,1,1745,0,3680587
2022,06,1-4,385,0,15030367
2022,06,10-14,303,0,21196255
2022,06,15-19,1084,0,21897394
2022,06,20-24,1968,13,21746610
2022,06,25-29,2574,17,22252820
2022,06,30-34,3514,31,23471714
2022,06,35-39,4080,54,22441817
2022,06,40-44,4912,66,21554385
2022,06,45-49,5692,75,19701444
2022,06,5-9,236,0,20308817
2022,06,50-54,8509,132,20885616
2022,06,55-59,12882,227,21078243
2022,06,60-64,19088,314,21266215
2022,06,65-69,22975,444,18779450
2022,06,70-74,26912,593,15225260
2022,06,75-79,30550,824,10845692
2022,06,80-84,31032,957,6550388
2022,06,85+,69633,2449,6104247
2022,07,1,1771,10,3680587
2022,07,1-4,416,0,15030367
2022,07,10-14,347,12,21196255
2022,07,15-19,1126,0,21897394
2022,07,20-24,2037,12,21746610
2022,07,25-29,2715,21,22252820
2022,07,30-34,3763,35,23471714
2022,07,35-39,4347,55,22441817
2022,07,40-44,5089,93,21554385
2022,07,45-49,6091,105,19701444
2022,07,5-9,245,0,20308817
2022,07,50-54,8903,188,20885616
2022,07,55-59,13456,316,21078243
2022,07,60-64,19794,479,21266215
2022,07,65-69,24073,662,18779450
2022,07,70-74,28402,946,15225260
2022,07,75-79,31905,1179,10845692
2022,07,80-84,32453,1301,6550388
2022,07,85+,73186,3490,6104247
2022,08,1,1809,16,3680587
2022,08,1-4,340,13,15030367
2022,08,10-14,329,0,21196255
2022,08,15-19,1154,12,21897394
2022,08,20-24,1842,13,21746610
2022,08,25-29,2717,28,22252820
2022,08,30-34,3632,42,23471714
2022,08,35-39,4192,51,22441817
2022,08,40-44,5004,79,21554385
2022,08,45-49,5758,128,19701444
2022,08,5-9,180,0,20308817
2022,08,50-54,8719,202,20885616
2022,08,55-59,12983,298,21078243
2022,08,60-64,19471,456,21266215
2022,08,65-69,24099,731,18779450
2022,08,70-74,28532,1048,15225260
2022,08,75-79,32254,1263,10845692
2022,08,80-84,32833,1433,6550388
2022,08,85+,73068,3515,6104247
2022,09,1,1724,11,3680587
2022,09,1-4,304,0,15030367
2022,09,10-14,256,0,21196255
2022,09,15-19,1059,0,21897394
2022,09,20-24,1797,0,21746610
2022,09,25-29,2498,18,22252820
2022,09,30-34,3495,25,23471714
2022,09,35-39,4090,35,22441817
2022,09,40-44,4814,62,21554385
2022,09,45-49,5745,63,19701444
2022,09,5-9,226,0,20308817
2022,09,50-54,8606,144,20885616
2022,09,55-59,12775,225,21078243
2022,09,60-64,18830,364,21266215
2022,09,65-69,23348,564,18779450
2022,09,70-74,27497,795,15225260
2022,09,75-79,31247,910,10845692
2022,09,80-84,31718,1049,6550388
2022,09,85+,70855,2738,6104247
2022,10,1,1810,11,3680587
2022,10,1-4,340,10,15030367
2022,10,10-14,314,0,21196255
2022,10,15-19,1121,0,21897394
2022,10,20-24,1877,0,21746610
2022,10,25-29,2531,13,22252820
2022,10,30-34,3533,22,23471714
2022,10,35-39,4009,22,22441817
2022,10,40-44,4878,48,21554385
2022,10,45-49,5810,76,19701444
2022,10,5-9,212,0,20308817
2022,10,50-54,8653,110,20885616
2022,10,55-59,13155,179,21078243
2022,10,60-64,19698,290,21266215
2022,10,65-69,24621,435,18779450
2022,10,70-74,28905,650,15225260
2022,10,75-79,32984,802,10845692
2022,10,80-84,33888,981,6550388
2022,10,85+,76610,2408,6104247
2022,11,1,1719,0,3680587
2022,11,1-4,392,0,15030367
2022,11,10-14,308,0,21196255
2022,11,15-19,1085,0,21897394
2022,11,20-24,1744,0,21746610
2022,11,25-29,2459,0,22252820
2022,11,30-34,3361,22,23471714
2022,11,35-39,4067,36,22441817
2022,11,40-44,4963,50,21554385
2022,11,45-49,5965,58,19701444
2022,11,5-9,237,0,20308817
2022,11,50-54,8836,109,20885616
2022,11,55-59,13164,178,21078243
2022,11,60-64,20142,311,21266215
2022,11,65-69,25057,483,18779450
2022,11,70-74,29161,681,15225260
2022,11,75-79,33712,824,10845692
2022,11,80-84,34679,1049,6550388
2022,11,85+,76948,2533,6104247
2022,12,1,1754,12,3680587
2022,12,1-4,362,0,15030367
2022,12,10-14,333,0,21196255
2022,12,15-19,1051,0,21897394
2022,12,20-24,1839,14,21746610
2022,12,25-29,2617,28,22252820
2022,12,30-34,3690,33,23471714
2022,12,35-39,4390,40,22441817
2022,12,40-44,5314,65,21554385
2022,12,45-49,6280,105,19701444
2022,12,5-9,244,0,20308817
2022,12,50-54,9444,163,20885616
2022,12,55-59,14671,268,21078243
2022,12,60-64,22191,450,21266215
2022,12,65-69,27624,732,18779450
2022,12,70-74,32910,1045,15225260
2022,12,75-79,37642,1368,10845692
2022,12,80-84,39535,1508,6550388
2022,12,85+,88480,3880,6104247
2023,01,1,1753,14,3653650
2023,01,1-4,323,10,14978747
2023,01,10-14,291,0,20943661
2023,01,15-19,1136,0,22228073
2023,01,20-24,1776,0,22043447
2023,01,25-29,2493,22,22278222
2023,01,30-34,3473,21,23770395
2023,01,35-39,4055,37,22697636
2023,01,40-44,5269,58,22015321
2023,01,45-49,6042,81,19906918
2023,01,5-9,212,0,20284053
2023,01,50-54,9043,145,20738630
2023,01,55-59,13809,280,20654912
2023,01,60-64,21071,500,21285859
2023,01,65-69,26595,747,19181126
2023,01,70-74,31399,1105,15535630
2023,01,75-79,36094,1383,11380104
2023,01,80-84,38148,1558,6975294
2023,01,85+,85766,4041,6254553
2023,02,1,1517,0,3653650
2023,02,1-4,287,0,14978747
2023,02,10-14,295,0,20943661
2023,02,15-19,922,0,22228073
2023,02,20-24,1601,10,22043447
2023,02,25-29,2144,10,22278222
2023,02,30-34,3090,20,23770395
2023,02,35-39,3586,29,22697636
2023,02,40-44,4576,40,22015321
2023,02,45-49,5349,61,19906918
2023,02,5-9,189,0,20284053
2023,02,50-54,7870,89,20738630
2023,02,55-59,12077,180,20654912
2023,02,60-64,18266,274,21285859
2023,02,65-69,23098,448,19181126
2023,02,70-74,26949,613,15535630
2023,02,75-79,31518,847,11380104
2023,02,80-84,32863,1001,6975294
2023,02,85+,72463,2170,6254553
2023,03,1,1795,0,3653650
2023,03,1-4,363,0,14978747
2023,03,10-14,288,0,20943661
2023,03,15-19,1014,0,22228073
2023,03,20-24,1755,0,22043447
2023,03,25-29,2355,0,22278222
2023,03,30-34,3486,12,23770395
2023,03,35-39,4053,24,22697636
2023,03,40-44,4945,26,22015321
2023,03,45-49,5522,39,19906918
2023,03,5-9,235,0,20284053
2023,03,50-54,8611,68,20738630
2023,03,55-59,13010,119,20654912
2023,03,60-64,19700,227,21285859
2023,03,65-69,25108,351,19181126
2023,03,70-74,29456,515,15535630
2023,03,75-79,33631,706,11380104
2023,03,80-84,35205,805,6975294
2023,03,85+,78234,1896,6254553
2023,04,1,1656,0,3653650
2023,04,1-4,333,0,14978747
2023,04,10-14,294,0,20943661
2023,04,15-19,1085,0,22228073
2023,04,20-24,1837,0,22043447
2023,04,25-29,2365,0,22278222
2023,04,30-34,3212,14,23770395
2023,04,35-39,4001,14,22697636
2023,04,40-44,4723,28,22015321
2023,04,45-49,5480,29,19906918
2023,04,5-9,221,0,20284053
2023,04,50-54,8383,56,20738630
2023,04,55-59,12514,76,20654912
2023,04,60-64,18583,153,21285859
2023,04,65-69,23264,231,19181126
2023,04,70-74,27604,338,15535630
2023,04,75-79,31556,461,11380104
2023,04,80-84,32688,477,6975294
2023,04,85+,72026,1287,6254553
2023,05,1,1675,0,3653650
2023,05,1-4,365,0,14978747
2023,05,10-14,320,0,20943661
2023,05,15-19,1140,0,22228073
2023,05,20-24,1886,0,22043447
2023,05,25-29,2517,0,22278222
2023,05,30-34,3390,0,23770395
2023,05,35-39,4022,0,22697636
2023,05,40-44,4991,0,22015321
2023,05,45-49,5681,30,19906918
2023,05,5-9,197,0,20284053
2023,05,50-54,8399,33,20738630
2023,05,55-59,12329,63,20654912
2023,05,60-64,18886,106,21285859
2023,05,65-69,23550,138,19181126
2023,05,70-74,27702,230,15535630
2023,05,75-79,31600,321,11380104
2023,05,80-84,32891,346,6975294
2023,05,85+,70614,797,6254553
2023,06,1,1670,0,3653650
2023,06,1-4,336,0,14978747
2023,06,10-14,279,0,20943661
2023,06,15-19,1201,0,22228073
2023,06,20-24,1771,0,22043447
2023,06,25-29,2317,0,22278222
2023,06,30-34,3284,0,23770395
2023,06,35-39,3922,0,22697636
2023,06,40-44,4863,0,22015321
2023,06,45-49,5471,15,19906918
2023,06,5-9,219,0,20284053
2023,06,50-54,8006,22,20738630
2023,06,55-59,11846,52,20654912
2023,06,60-64,18131,77,21285859
2023,06,65-69,22859,103,19181126
2023,06,70-74,26268,159,15535630
2023,06,75-79,30105,218,11380104
2023,06,80-84,31293,266,6975294
2023,06,85+,66962,600,6254553
2023,07,1,1673,0,3653650
2023,07,1-4,397,0,14978747
2023,07,10-14,315,0,20943661
2023,07,15-19,1134,0,22228073
2023,07,20-24,1877,0,22043447
2023,07,25-29,2489,0,22278222
2023,07,30-34,3582,0,23770395
2023,07,35-39,4178,12,22697636
2023,07,40-44,5029,0,22015321
2023,07,45-49,5766,13,19906918
2023,07,5-9,214,0,20284053
2023,07,50-54,8305,19,20738630
2023,07,55-59,12453,50,20654912
2023,07,60-64,18744,74,21285859
2023,07,65-69,23454,95,19181126
2023,07,70-74,27079,145,15535630
2023,07,75-79,30683,199,11380104
2023,07,80-84,31587,236,6975294
2023,07,85+,67619,589,6254553
2023,08,1,1710,0,3653650
2023,08,1-4,359,0,14978747
2023,08,10-14,288,0,20943661
2023,08,15-19,1132,0,22228073
2023,08,20-24,1852,0,22043447
2023,08,25-29,2403,10,22278222
2023,08,30-34,3403,10,23770395
2023,08,35-39,4022,16,22697636
2023,08,40-44,4971,19,22015321
2023,08,45-49,5821,20,19906918
2023,08,5-9,201,0,20284053
2023,08,50-54,8148,36,20738630
2023,08,55-59,12149,82,20654912
2023,08,60-64,18863,135,21285859
2023,08,65-69,23469,177,19181126
2023,08,70-74,27552,287,15535630
2023,08,75-79,31481,388,11380104
2023,08,80-84,32778,464,6975294
2023,08,85+,69321,1074,6254553
2023,09,1,1645,0,3653650
2023,09,1-4,330,0,14978747
2023,09,10-14,283,0,20943661
2023,09,15-19,959,0,22228073
2023,09,20-24,1730,0,22043447
2023,09,25-29,2215,0,22278222
2023,09,30-34,3210,12,23770395
2023,09,35-39,3800,15,22697636
2023,09,40-44,4730,34,22015321
2023,09,45-49,5411,46,19906918
2023,09,5-9,178,0,20284053
2023,09,50-54,7872,52,20738630
2023,09,55-59,11630,103,20654912
2023,09,60-64,17987,193,21285859
2023,09,65-69,22979,302,19181126
2023,09,70-74,26912,460,15535630
2023,09,75-79,30796,566,11380104
2023,09,80-84,32563,735,6975294
2023,09,85+,69238,1651,6254553
2023,10,1,1691,0,3653650
2023,10,1-4,301,0,14978747
2023,10,10-14,271,0,20943661
2023,10,15-19,1094,0,22228073
2023,10,20-24,1659,0,22043447
2023,10,25-29,2215,10,22278222
2023,10,30-34,3200,10,23770395
2023,10,35-39,3742,17,22697636
2023,10,40-44,4706,0,22015321
2023,10,45-49,5465,33,19906918
2023,10,5-9,210,0,20284053
2023,10,50-54,8231,42,20738630
2023,10,55-59,11849,78,20654912
2023,10,60-64,18867,173,21285859
2023,10,65-69,24179,258,19181126
2023,10,70-74,28289,421,15535630
2023,10,75-79,33162,592,11380104
2023,10,80-84,34734,650,6975294
2023,10,85+,74288,1588,6254553
2023,11,1,1606,0,3653650
2023,11,1-4,297,0,14978747
2023,11,10-14,269,0,20943661
2023,11,15-19,958,0,22228073
2023,11,20-24,1599,0,22043447
2023,11,25-29,2129,0,22278222
2023,11,30-34,3033,10,23770395
2023,11,35-39,3733,13,22697636
2023,11,40-44,4582,29,22015321
2023,11,45-49,5460,28,19906918
2023,11,5-9,199,0,20284053
2023,11,50-54,8016,47,20738630
2023,11,55-59,11917,107,20654912
2023,11,60-64,18468,187,21285859
2023,11,65-69,23996,298,19181126
2023,11,70-74,28314,422,15535630
2023,11,75-79,32900,615,11380104
2023,11,80-84,34846,721,6975294
2023,11,85+,75113,1709,6254553
2023,12,1,1754,0,3653650
2023,12,1-4,368,0,14978747
2023,12,10-14,310,0,20943661
2023,12,15-19,1002,0,22228073
2023,12,20-24,1591,0,22043447
2023,12,25-29,2133,0,22278222
2023,12,30-34,3311,18,23770395
2023,12,35-39,3869,19,22697636
2023,12,40-44,4968,42,22015321
2023,12,45-49,5803,47,19906918
2023,12,5-9,227,0,20284053
2023,12,50-54,8618,85,20738630
2023,12,55-59,13017,141,20654912
2023,12,60-64,20368,258,21285859
2023,12,65-69,26445,420,19181126
2023,12,70-74,31160,631,15535630
2023,12,75-79,36265,842,11380104
2023,12,80-84,38801,1020,6975294
2023,12,85+,83360,2384,6254553
