Notes,Five-Year Age Groups,Five-Year Age Groups Code,Year,Year Code,Month,Month Code,Deaths
,< 1 year,1,2015,2015,"Jan., 2015",2015/01,2018
,< 1 year,1,2015,2015,"Feb., 2015",2015/02,1855
,< 1 year,1,2015,2015,"Mar., 2015",2015/03,2021
,< 1 year,1,2015,2015,"Apr., 2015",2015/04,1960
,< 1 year,1,2015,2015,"May, 2015",2015/05,1975
,< 1 year,1,2015,2015,"Jun., 2015",2015/06,2013
,< 1 year,1,2015,2015,"Jul., 2015",2015/07,1977
,< 1 year,1,2015,2015,"Aug., 2015",2015/08,1987
,< 1 year,1,2015,2015,"Sep., 2015",2015/09,1958
,< 1 year,1,2015,2015,"oct., 2015",2015/10,1913
,< 1 year,1,2015,2015,"nov., 2015",2015/11,1816
,< 1 year,1,2015,2015,"Dec., 2015",2015/12,1962
Total,< 1 year,1,2015,2015,,,23455
,< 1 year,1,2016,2016,"Jan., 2016",2016/01,1932
,< 1 year,1,2016,2016,"Feb., 2016",2016/02,1894
,< 1 year,1,2016,2016,"Mar., 2016",2016/03,2011
,< 1 year,1,2016,2016,"Apr., 2016",2016/04,1889
,< 1 year,1,2016,2016,"May, 2016",2016/05,1951
,< 1 year,1,2016,2016,"Jun., 2016",2016/06,1945
,< 1 year,1,2016,2016,"Jul., 2016",2016/07,1935
,< 1 year,1,2016,2016,"Aug., 2016",2016/08,1972
,< 1 year,1,2016,2016,"Sep., 2016",2016/09,1931
,< 1 year,1,2016,2016,"oct., 2016",2016/10,1971
,< 1 year,1,2016,2016,"nov., 2016",2016/11,1836
,< 1 year,1,2016,2016,"Dec., 2016",2016/12,1894
Total,< 1 year,1,2016,2016,,,23161
,< 1 year,1,2017,2017,"Jan., 2017",2017/01,1887
,< 1 year,1,2017,2017,"Feb., 2017",2017/02,1714
,< 1 year,1,2017,2017,"Mar., 2017",2017/03,1901
,< 1 year,1,2017,2017,"Apr., 2017",2017/04,1880
,< 1 year,1,2017,2017,"May, 2017",2017/05,1879
,< 1 year,1,2017,2017,"Jun., 2017",2017/06,1967
,< 1 year,1,2017,2017,"Jul., 2017",2017/07,1780
,< 1 year,1,2017,2017,"Aug., 2017",2017/08,1896
,< 1 year,1,2017,2017,"Sep., 2017",2017/09,1906
,< 1 year,1,2017,2017,"oct., 2017",2017/10,1880
,< 1 year,1,2017,2017,"nov., 2017",2017/11,1798
,< 1 year,1,2017,2017,"Dec., 2017",2017/12,1847
Total,< 1 year,1,2017,2017,,,22335
,< 1 year,1,2018,2018,"Jan., 2018",2018/01,1900
,< 1 year,1,2018,2018,"Feb., 2018",2018/02,1657
,< 1 year,1,2018,2018,"Mar., 2018",2018/03,1872
,< 1 year,1,2018,2018,"Apr., 2018",2018/04,1756
,< 1 year,1,2018,2018,"May, 2018",2018/05,1785
,< 1 year,1,2018,2018,"Jun., 2018",2018/06,1707
,< 1 year,1,2018,2018,"Jul., 2018",2018/07,1826
,< 1 year,1,2018,2018,"Aug., 2018",2018/08,1813
,< 1 year,1,2018,2018,"Sep., 2018",2018/09,1830
,< 1 year,1,2018,2018,"oct., 2018",2018/10,1858
,< 1 year,1,2018,2018,"nov., 2018",2018/11,1724
,< 1 year,1,2018,2018,"Dec., 2018",2018/12,1739
Total,< 1 year,1,2018,2018,,,21467
,< 1 year,1,2019,2019,"Jan., 2019",2019/01,1706
,< 1 year,1,2019,2019,"Feb., 2019",2019/02,1635
,< 1 year,1,2019,2019,"Mar., 2019",2019/03,1838
,< 1 year,1,2019,2019,"Apr., 2019",2019/04,1734
,< 1 year,1,2019,2019,"May, 2019",2019/05,1800
,< 1 year,1,2019,2019,"Jun., 2019",2019/06,1783
,< 1 year,1,2019,2019,"Jul., 2019",2019/07,1768
,< 1 year,1,2019,2019,"Aug., 2019",2019/08,1778
,< 1 year,1,2019,2019,"Sep., 2019",2019/09,1720
,< 1 year,1,2019,2019,"oct., 2019",2019/10,1697
,< 1 year,1,2019,2019,"nov., 2019",2019/11,1700
,< 1 year,1,2019,2019,"Dec., 2019",2019/12,1762
Total,< 1 year,1,2019,2019,,,20921
,< 1 year,1,2020,2020,"Jan., 2020",2020/01,1777
,< 1 year,1,2020,2020,"Feb., 2020",2020/02,1673
,< 1 year,1,2020,2020,"Mar., 2020",2020/03,1646
,< 1 year,1,2020,2020,"Apr., 2020",2020/04,1569
,< 1 year,1,2020,2020,"May, 2020",2020/05,1692
,< 1 year,1,2020,2020,"Jun., 2020",2020/06,1664
,< 1 year,1,2020,2020,"Jul., 2020",2020/07,1649
,< 1 year,1,2020,2020,"Aug., 2020",2020/08,1621
,< 1 year,1,2020,2020,"Sep., 2020",2020/09,1602
,< 1 year,1,2020,2020,"oct., 2020",2020/10,1587
,< 1 year,1,2020,2020,"nov., 2020",2020/11,1559
,< 1 year,1,2020,2020,"Dec., 2020",2020/12,1543
Total,< 1 year,1,2020,2020,,,19582
Total,< 1 year,1,,,,,130921
,1-4 years,1-4,2015,2015,"Jan., 2015",2015/01,315
,1-4 years,1-4,2015,2015,"Feb., 2015",2015/02,327
,1-4 years,1-4,2015,2015,"Mar., 2015",2015/03,323
,1-4 years,1-4,2015,2015,"Apr., 2015",2015/04,352
,1-4 years,1-4,2015,2015,"May, 2015",2015/05,369
,1-4 years,1-4,2015,2015,"Jun., 2015",2015/06,357
,1-4 years,1-4,2015,2015,"Jul., 2015",2015/07,332
,1-4 years,1-4,2015,2015,"Aug., 2015",2015/08,356
,1-4 years,1-4,2015,2015,"Sep., 2015",2015/09,294
,1-4 years,1-4,2015,2015,"oct., 2015",2015/10,314
,1-4 years,1-4,2015,2015,"nov., 2015",2015/11,312
,1-4 years,1-4,2015,2015,"Dec., 2015",2015/12,314
Total,1-4 years,1-4,2015,2015,,,3965
,1-4 years,1-4,2016,2016,"Jan., 2016",2016/01,321
,1-4 years,1-4,2016,2016,"Feb., 2016",2016/02,312
,1-4 years,1-4,2016,2016,"Mar., 2016",2016/03,354
,1-4 years,1-4,2016,2016,"Apr., 2016",2016/04,364
,1-4 years,1-4,2016,2016,"May, 2016",2016/05,355
,1-4 years,1-4,2016,2016,"Jun., 2016",2016/06,353
,1-4 years,1-4,2016,2016,"Jul., 2016",2016/07,382
,1-4 years,1-4,2016,2016,"Aug., 2016",2016/08,332
,1-4 years,1-4,2016,2016,"Sep., 2016",2016/09,302
,1-4 years,1-4,2016,2016,"oct., 2016",2016/10,319
,1-4 years,1-4,2016,2016,"nov., 2016",2016/11,316
,1-4 years,1-4,2016,2016,"Dec., 2016",2016/12,335
Total,1-4 years,1-4,2016,2016,,,4045
,1-4 years,1-4,2017,2017,"Jan., 2017",2017/01,283
,1-4 years,1-4,2017,2017,"Feb., 2017",2017/02,292
,1-4 years,1-4,2017,2017,"Mar., 2017",2017/03,337
,1-4 years,1-4,2017,2017,"Apr., 2017",2017/04,322
,1-4 years,1-4,2017,2017,"May, 2017",2017/05,364
,1-4 years,1-4,2017,2017,"Jun., 2017",2017/06,351
,1-4 years,1-4,2017,2017,"Jul., 2017",2017/07,364
,1-4 years,1-4,2017,2017,"Aug., 2017",2017/08,329
,1-4 years,1-4,2017,2017,"Sep., 2017",2017/09,298
,1-4 years,1-4,2017,2017,"oct., 2017",2017/10,292
,1-4 years,1-4,2017,2017,"nov., 2017",2017/11,310
,1-4 years,1-4,2017,2017,"Dec., 2017",2017/12,338
Total,1-4 years,1-4,2017,2017,,,3880
,1-4 years,1-4,2018,2018,"Jan., 2018",2018/01,352
,1-4 years,1-4,2018,2018,"Feb., 2018",2018/02,296
,1-4 years,1-4,2018,2018,"Mar., 2018",2018/03,327
,1-4 years,1-4,2018,2018,"Apr., 2018",2018/04,271
,1-4 years,1-4,2018,2018,"May, 2018",2018/05,381
,1-4 years,1-4,2018,2018,"Jun., 2018",2018/06,336
,1-4 years,1-4,2018,2018,"Jul., 2018",2018/07,365
,1-4 years,1-4,2018,2018,"Aug., 2018",2018/08,333
,1-4 years,1-4,2018,2018,"Sep., 2018",2018/09,304
,1-4 years,1-4,2018,2018,"oct., 2018",2018/10,276
,1-4 years,1-4,2018,2018,"nov., 2018",2018/11,316
,1-4 years,1-4,2018,2018,"Dec., 2018",2018/12,273
Total,1-4 years,1-4,2018,2018,,,3830
,1-4 years,1-4,2019,2019,"Jan., 2019",2019/01,303
,1-4 years,1-4,2019,2019,"Feb., 2019",2019/02,304
,1-4 years,1-4,2019,2019,"Mar., 2019",2019/03,290
,1-4 years,1-4,2019,2019,"Apr., 2019",2019/04,322
,1-4 years,1-4,2019,2019,"May, 2019",2019/05,350
,1-4 years,1-4,2019,2019,"Jun., 2019",2019/06,335
,1-4 years,1-4,2019,2019,"Jul., 2019",2019/07,318
,1-4 years,1-4,2019,2019,"Aug., 2019",2019/08,317
,1-4 years,1-4,2019,2019,"Sep., 2019",2019/09,280
,1-4 years,1-4,2019,2019,"oct., 2019",2019/10,266
,1-4 years,1-4,2019,2019,"nov., 2019",2019/11,258
,1-4 years,1-4,2019,2019,"Dec., 2019",2019/12,333
Total,1-4 years,1-4,2019,2019,,,3676
,1-4 years,1-4,2020,2020,"Jan., 2020",2020/01,312
,1-4 years,1-4,2020,2020,"Feb., 2020",2020/02,325
,1-4 years,1-4,2020,2020,"Mar., 2020",2020/03,327
,1-4 years,1-4,2020,2020,"Apr., 2020",2020/04,248
,1-4 years,1-4,2020,2020,"May, 2020",2020/05,321
,1-4 years,1-4,2020,2020,"Jun., 2020",2020/06,308
,1-4 years,1-4,2020,2020,"Jul., 2020",2020/07,349
,1-4 years,1-4,2020,2020,"Aug., 2020",2020/08,278
,1-4 years,1-4,2020,2020,"Sep., 2020",2020/09,264
,1-4 years,1-4,2020,2020,"oct., 2020",2020/10,282
,1-4 years,1-4,2020,2020,"nov., 2020",2020/11,257
,1-4 years,1-4,2020,2020,"Dec., 2020",2020/12,258
Total,1-4 years,1-4,2020,2020,,,3529
Total,1-4 years,1-4,,,,,22925
,5-9 years,5-9,2015,2015,"Jan., 2015",2015/01,206
,5-9 years,5-9,2015,2015,"Feb., 2015",2015/02,207
,5-9 years,5-9,2015,2015,"Mar., 2015",2015/03,216
,5-9 years,5-9,2015,2015,"Apr., 2015",2015/04,178
,5-9 years,5-9,2015,2015,"May, 2015",2015/05,212
,5-9 years,5-9,2015,2015,"Jun., 2015",2015/06,223
,5-9 years,5-9,2015,2015,"Jul., 2015",2015/07,223
,5-9 years,5-9,2015,2015,"Aug., 2015",2015/08,189
,5-9 years,5-9,2015,2015,"Sep., 2015",2015/09,210
,5-9 years,5-9,2015,2015,"oct., 2015",2015/10,159
,5-9 years,5-9,2015,2015,"nov., 2015",2015/11,182
,5-9 years,5-9,2015,2015,"Dec., 2015",2015/12,197
Total,5-9 years,5-9,2015,2015,,,2402
,5-9 years,5-9,2016,2016,"Jan., 2016",2016/01,214
,5-9 years,5-9,2016,2016,"Feb., 2016",2016/02,205
,5-9 years,5-9,2016,2016,"Mar., 2016",2016/03,211
,5-9 years,5-9,2016,2016,"Apr., 2016",2016/04,207
,5-9 years,5-9,2016,2016,"May, 2016",2016/05,202
,5-9 years,5-9,2016,2016,"Jun., 2016",2016/06,211
,5-9 years,5-9,2016,2016,"Jul., 2016",2016/07,231
,5-9 years,5-9,2016,2016,"Aug., 2016",2016/08,225
,5-9 years,5-9,2016,2016,"Sep., 2016",2016/09,186
,5-9 years,5-9,2016,2016,"oct., 2016",2016/10,196
,5-9 years,5-9,2016,2016,"nov., 2016",2016/11,197
,5-9 years,5-9,2016,2016,"Dec., 2016",2016/12,205
Total,5-9 years,5-9,2016,2016,,,2490
,5-9 years,5-9,2017,2017,"Jan., 2017",2017/01,182
,5-9 years,5-9,2017,2017,"Feb., 2017",2017/02,176
,5-9 years,5-9,2017,2017,"Mar., 2017",2017/03,242
,5-9 years,5-9,2017,2017,"Apr., 2017",2017/04,197
,5-9 years,5-9,2017,2017,"May, 2017",2017/05,191
,5-9 years,5-9,2017,2017,"Jun., 2017",2017/06,192
,5-9 years,5-9,2017,2017,"Jul., 2017",2017/07,249
,5-9 years,5-9,2017,2017,"Aug., 2017",2017/08,191
,5-9 years,5-9,2017,2017,"Sep., 2017",2017/09,167
,5-9 years,5-9,2017,2017,"oct., 2017",2017/10,190
,5-9 years,5-9,2017,2017,"nov., 2017",2017/11,167
,5-9 years,5-9,2017,2017,"Dec., 2017",2017/12,210
Total,5-9 years,5-9,2017,2017,,,2354
,5-9 years,5-9,2018,2018,"Jan., 2018",2018/01,230
,5-9 years,5-9,2018,2018,"Feb., 2018",2018/02,192
,5-9 years,5-9,2018,2018,"Mar., 2018",2018/03,205
,5-9 years,5-9,2018,2018,"Apr., 2018",2018/04,182
,5-9 years,5-9,2018,2018,"May, 2018",2018/05,203
,5-9 years,5-9,2018,2018,"Jun., 2018",2018/06,198
,5-9 years,5-9,2018,2018,"Jul., 2018",2018/07,206
,5-9 years,5-9,2018,2018,"Aug., 2018",2018/08,196
,5-9 years,5-9,2018,2018,"Sep., 2018",2018/09,176
,5-9 years,5-9,2018,2018,"oct., 2018",2018/10,179
,5-9 years,5-9,2018,2018,"nov., 2018",2018/11,168
,5-9 years,5-9,2018,2018,"Dec., 2018",2018/12,195
Total,5-9 years,5-9,2018,2018,,,2330
,5-9 years,5-9,2019,2019,"Jan., 2019",2019/01,216
,5-9 years,5-9,2019,2019,"Feb., 2019",2019/02,191
,5-9 years,5-9,2019,2019,"Mar., 2019",2019/03,213
,5-9 years,5-9,2019,2019,"Apr., 2019",2019/04,167
,5-9 years,5-9,2019,2019,"May, 2019",2019/05,193
,5-9 years,5-9,2019,2019,"Jun., 2019",2019/06,215
,5-9 years,5-9,2019,2019,"Jul., 2019",2019/07,225
,5-9 years,5-9,2019,2019,"Aug., 2019",2019/08,169
,5-9 years,5-9,2019,2019,"Sep., 2019",2019/09,171
,5-9 years,5-9,2019,2019,"oct., 2019",2019/10,171
,5-9 years,5-9,2019,2019,"nov., 2019",2019/11,186
,5-9 years,5-9,2019,2019,"Dec., 2019",2019/12,216
Total,5-9 years,5-9,2019,2019,,,2333
,5-9 years,5-9,2020,2020,"Jan., 2020",2020/01,182
,5-9 years,5-9,2020,2020,"Feb., 2020",2020/02,181
,5-9 years,5-9,2020,2020,"Mar., 2020",2020/03,172
,5-9 years,5-9,2020,2020,"Apr., 2020",2020/04,163
,5-9 years,5-9,2020,2020,"May, 2020",2020/05,196
,5-9 years,5-9,2020,2020,"Jun., 2020",2020/06,227
,5-9 years,5-9,2020,2020,"Jul., 2020",2020/07,219
,5-9 years,5-9,2020,2020,"Aug., 2020",2020/08,191
,5-9 years,5-9,2020,2020,"Sep., 2020",2020/09,167
,5-9 years,5-9,2020,2020,"oct., 2020",2020/10,187
,5-9 years,5-9,2020,2020,"nov., 2020",2020/11,172
,5-9 years,5-9,2020,2020,"Dec., 2020",2020/12,153
Total,5-9 years,5-9,2020,2020,,,2210
Total,5-9 years,5-9,,,,,14119
,10-14 years,10-14,2015,2015,"Jan., 2015",2015/01,254
,10-14 years,10-14,2015,2015,"Feb., 2015",2015/02,237
,10-14 years,10-14,2015,2015,"Mar., 2015",2015/03,261
,10-14 years,10-14,2015,2015,"Apr., 2015",2015/04,236
,10-14 years,10-14,2015,2015,"May, 2015",2015/05,267
,10-14 years,10-14,2015,2015,"Jun., 2015",2015/06,277
,10-14 years,10-14,2015,2015,"Jul., 2015",2015/07,301
,10-14 years,10-14,2015,2015,"Aug., 2015",2015/08,241
,10-14 years,10-14,2015,2015,"Sep., 2015",2015/09,227
,10-14 years,10-14,2015,2015,"oct., 2015",2015/10,217
,10-14 years,10-14,2015,2015,"nov., 2015",2015/11,251
,10-14 years,10-14,2015,2015,"Dec., 2015",2015/12,240
Total,10-14 years,10-14,2015,2015,,,3009
,10-14 years,10-14,2016,2016,"Jan., 2016",2016/01,259
,10-14 years,10-14,2016,2016,"Feb., 2016",2016/02,266
,10-14 years,10-14,2016,2016,"Mar., 2016",2016/03,247
,10-14 years,10-14,2016,2016,"Apr., 2016",2016/04,216
,10-14 years,10-14,2016,2016,"May, 2016",2016/05,246
,10-14 years,10-14,2016,2016,"Jun., 2016",2016/06,277
,10-14 years,10-14,2016,2016,"Jul., 2016",2016/07,258
,10-14 years,10-14,2016,2016,"Aug., 2016",2016/08,280
,10-14 years,10-14,2016,2016,"Sep., 2016",2016/09,229
,10-14 years,10-14,2016,2016,"oct., 2016",2016/10,236
,10-14 years,10-14,2016,2016,"nov., 2016",2016/11,250
,10-14 years,10-14,2016,2016,"Dec., 2016",2016/12,249
Total,10-14 years,10-14,2016,2016,,,3013
,10-14 years,10-14,2017,2017,"Jan., 2017",2017/01,267
,10-14 years,10-14,2017,2017,"Feb., 2017",2017/02,253
,10-14 years,10-14,2017,2017,"Mar., 2017",2017/03,271
,10-14 years,10-14,2017,2017,"Apr., 2017",2017/04,285
,10-14 years,10-14,2017,2017,"May, 2017",2017/05,279
,10-14 years,10-14,2017,2017,"Jun., 2017",2017/06,255
,10-14 years,10-14,2017,2017,"Jul., 2017",2017/07,288
,10-14 years,10-14,2017,2017,"Aug., 2017",2017/08,244
,10-14 years,10-14,2017,2017,"Sep., 2017",2017/09,254
,10-14 years,10-14,2017,2017,"oct., 2017",2017/10,253
,10-14 years,10-14,2017,2017,"nov., 2017",2017/11,282
,10-14 years,10-14,2017,2017,"Dec., 2017",2017/12,286
Total,10-14 years,10-14,2017,2017,,,3217
,10-14 years,10-14,2018,2018,"Jan., 2018",2018/01,272
,10-14 years,10-14,2018,2018,"Feb., 2018",2018/02,259
,10-14 years,10-14,2018,2018,"Mar., 2018",2018/03,273
,10-14 years,10-14,2018,2018,"Apr., 2018",2018/04,259
,10-14 years,10-14,2018,2018,"May, 2018",2018/05,271
,10-14 years,10-14,2018,2018,"Jun., 2018",2018/06,259
,10-14 years,10-14,2018,2018,"Jul., 2018",2018/07,271
,10-14 years,10-14,2018,2018,"Aug., 2018",2018/08,250
,10-14 years,10-14,2018,2018,"Sep., 2018",2018/09,241
,10-14 years,10-14,2018,2018,"oct., 2018",2018/10,259
,10-14 years,10-14,2018,2018,"nov., 2018",2018/11,247
,10-14 years,10-14,2018,2018,"Dec., 2018",2018/12,259
Total,10-14 years,10-14,2018,2018,,,3120
,10-14 years,10-14,2019,2019,"Jan., 2019",2019/01,255
,10-14 years,10-14,2019,2019,"Feb., 2019",2019/02,245
,10-14 years,10-14,2019,2019,"Mar., 2019",2019/03,246
,10-14 years,10-14,2019,2019,"Apr., 2019",2019/04,270
,10-14 years,10-14,2019,2019,"May, 2019",2019/05,264
,10-14 years,10-14,2019,2019,"Jun., 2019",2019/06,282
,10-14 years,10-14,2019,2019,"Jul., 2019",2019/07,278
,10-14 years,10-14,2019,2019,"Aug., 2019",2019/08,270
,10-14 years,10-14,2019,2019,"Sep., 2019",2019/09,268
,10-14 years,10-14,2019,2019,"oct., 2019",2019/10,244
,10-14 years,10-14,2019,2019,"nov., 2019",2019/11,265
,10-14 years,10-14,2019,2019,"Dec., 2019",2019/12,277
Total,10-14 years,10-14,2019,2019,,,3164
,10-14 years,10-14,2020,2020,"Jan., 2020",2020/01,286
,10-14 years,10-14,2020,2020,"Feb., 2020",2020/02,276
,10-14 years,10-14,2020,2020,"Mar., 2020",2020/03,261
,10-14 years,10-14,2020,2020,"Apr., 2020",2020/04,252
,10-14 years,10-14,2020,2020,"May, 2020",2020/05,261
,10-14 years,10-14,2020,2020,"Jun., 2020",2020/06,299
,10-14 years,10-14,2020,2020,"Jul., 2020",2020/07,323
,10-14 years,10-14,2020,2020,"Aug., 2020",2020/08,270
,10-14 years,10-14,2020,2020,"Sep., 2020",2020/09,294
,10-14 years,10-14,2020,2020,"oct., 2020",2020/10,299
,10-14 years,10-14,2020,2020,"nov., 2020",2020/11,314
,10-14 years,10-14,2020,2020,"Dec., 2020",2020/12,278
Total,10-14 years,10-14,2020,2020,,,3413
Total,10-14 years,10-14,,,,,18936
,15-19 years,15-19,2015,2015,"Jan., 2015",2015/01,865
,15-19 years,15-19,2015,2015,"Feb., 2015",2015/02,697
,15-19 years,15-19,2015,2015,"Mar., 2015",2015/03,784
,15-19 years,15-19,2015,2015,"Apr., 2015",2015/04,819
,15-19 years,15-19,2015,2015,"May, 2015",2015/05,896
,15-19 years,15-19,2015,2015,"Jun., 2015",2015/06,860
,15-19 years,15-19,2015,2015,"Jul., 2015",2015/07,942
,15-19 years,15-19,2015,2015,"Aug., 2015",2015/08,941
,15-19 years,15-19,2015,2015,"Sep., 2015",2015/09,814
,15-19 years,15-19,2015,2015,"oct., 2015",2015/10,883
,15-19 years,15-19,2015,2015,"nov., 2015",2015/11,826
,15-19 years,15-19,2015,2015,"Dec., 2015",2015/12,859
Total,15-19 years,15-19,2015,2015,,,10186
,15-19 years,15-19,2016,2016,"Jan., 2016",2016/01,863
,15-19 years,15-19,2016,2016,"Feb., 2016",2016/02,785
,15-19 years,15-19,2016,2016,"Mar., 2016",2016/03,913
,15-19 years,15-19,2016,2016,"Apr., 2016",2016/04,834
,15-19 years,15-19,2016,2016,"May, 2016",2016/05,964
,15-19 years,15-19,2016,2016,"Jun., 2016",2016/06,962
,15-19 years,15-19,2016,2016,"Jul., 2016",2016/07,947
,15-19 years,15-19,2016,2016,"Aug., 2016",2016/08,935
,15-19 years,15-19,2016,2016,"Sep., 2016",2016/09,810
,15-19 years,15-19,2016,2016,"oct., 2016",2016/10,943
,15-19 years,15-19,2016,2016,"nov., 2016",2016/11,959
,15-19 years,15-19,2016,2016,"Dec., 2016",2016/12,897
Total,15-19 years,15-19,2016,2016,,,10812
,15-19 years,15-19,2017,2017,"Jan., 2017",2017/01,899
,15-19 years,15-19,2017,2017,"Feb., 2017",2017/02,750
,15-19 years,15-19,2017,2017,"Mar., 2017",2017/03,898
,15-19 years,15-19,2017,2017,"Apr., 2017",2017/04,877
,15-19 years,15-19,2017,2017,"May, 2017",2017/05,986
,15-19 years,15-19,2017,2017,"Jun., 2017",2017/06,986
,15-19 years,15-19,2017,2017,"Jul., 2017",2017/07,962
,15-19 years,15-19,2017,2017,"Aug., 2017",2017/08,960
,15-19 years,15-19,2017,2017,"Sep., 2017",2017/09,849
,15-19 years,15-19,2017,2017,"oct., 2017",2017/10,930
,15-19 years,15-19,2017,2017,"nov., 2017",2017/11,876
,15-19 years,15-19,2017,2017,"Dec., 2017",2017/12,913
Total,15-19 years,15-19,2017,2017,,,10886
,15-19 years,15-19,2018,2018,"Jan., 2018",2018/01,905
,15-19 years,15-19,2018,2018,"Feb., 2018",2018/02,805
,15-19 years,15-19,2018,2018,"Mar., 2018",2018/03,831
,15-19 years,15-19,2018,2018,"Apr., 2018",2018/04,803
,15-19 years,15-19,2018,2018,"May, 2018",2018/05,935
,15-19 years,15-19,2018,2018,"Jun., 2018",2018/06,922
,15-19 years,15-19,2018,2018,"Jul., 2018",2018/07,943
,15-19 years,15-19,2018,2018,"Aug., 2018",2018/08,831
,15-19 years,15-19,2018,2018,"Sep., 2018",2018/09,884
,15-19 years,15-19,2018,2018,"oct., 2018",2018/10,878
,15-19 years,15-19,2018,2018,"nov., 2018",2018/11,832
,15-19 years,15-19,2018,2018,"Dec., 2018",2018/12,811
Total,15-19 years,15-19,2018,2018,,,10380
,15-19 years,15-19,2019,2019,"Jan., 2019",2019/01,788
,15-19 years,15-19,2019,2019,"Feb., 2019",2019/02,727
,15-19 years,15-19,2019,2019,"Mar., 2019",2019/03,827
,15-19 years,15-19,2019,2019,"Apr., 2019",2019/04,826
,15-19 years,15-19,2019,2019,"May, 2019",2019/05,908
,15-19 years,15-19,2019,2019,"Jun., 2019",2019/06,944
,15-19 years,15-19,2019,2019,"Jul., 2019",2019/07,888
,15-19 years,15-19,2019,2019,"Aug., 2019",2019/08,864
,15-19 years,15-19,2019,2019,"Sep., 2019",2019/09,861
,15-19 years,15-19,2019,2019,"oct., 2019",2019/10,915
,15-19 years,15-19,2019,2019,"nov., 2019",2019/11,854
,15-19 years,15-19,2019,2019,"Dec., 2019",2019/12,856
Total,15-19 years,15-19,2019,2019,,,10258
,15-19 years,15-19,2020,2020,"Jan., 2020",2020/01,930
,15-19 years,15-19,2020,2020,"Feb., 2020",2020/02,842
,15-19 years,15-19,2020,2020,"Mar., 2020",2020/03,860
,15-19 years,15-19,2020,2020,"Apr., 2020",2020/04,891
,15-19 years,15-19,2020,2020,"May, 2020",2020/05,1059
,15-19 years,15-19,2020,2020,"Jun., 2020",2020/06,1110
,15-19 years,15-19,2020,2020,"Jul., 2020",2020/07,1176
,15-19 years,15-19,2020,2020,"Aug., 2020",2020/08,1184
,15-19 years,15-19,2020,2020,"Sep., 2020",2020/09,1062
,15-19 years,15-19,2020,2020,"oct., 2020",2020/10,1042
,15-19 years,15-19,2020,2020,"nov., 2020",2020/11,1071
,15-19 years,15-19,2020,2020,"Dec., 2020",2020/12,1051
Total,15-19 years,15-19,2020,2020,,,12278
Total,15-19 years,15-19,,,,,64800
,20-24 years,20-24,2015,2015,"Jan., 2015",2015/01,1672
,20-24 years,20-24,2015,2015,"Feb., 2015",2015/02,1376
,20-24 years,20-24,2015,2015,"Mar., 2015",2015/03,1649
,20-24 years,20-24,2015,2015,"Apr., 2015",2015/04,1648
,20-24 years,20-24,2015,2015,"May, 2015",2015/05,1762
,20-24 years,20-24,2015,2015,"Jun., 2015",2015/06,1773
,20-24 years,20-24,2015,2015,"Jul., 2015",2015/07,1837
,20-24 years,20-24,2015,2015,"Aug., 2015",2015/08,1835
,20-24 years,20-24,2015,2015,"Sep., 2015",2015/09,1662
,20-24 years,20-24,2015,2015,"oct., 2015",2015/10,1755
,20-24 years,20-24,2015,2015,"nov., 2015",2015/11,1629
,20-24 years,20-24,2015,2015,"Dec., 2015",2015/12,1710
Total,20-24 years,20-24,2015,2015,,,20308
,20-24 years,20-24,2016,2016,"Jan., 2016",2016/01,1608
,20-24 years,20-24,2016,2016,"Feb., 2016",2016/02,1650
,20-24 years,20-24,2016,2016,"Mar., 2016",2016/03,1848
,20-24 years,20-24,2016,2016,"Apr., 2016",2016/04,1748
,20-24 years,20-24,2016,2016,"May, 2016",2016/05,1831
,20-24 years,20-24,2016,2016,"Jun., 2016",2016/06,1788
,20-24 years,20-24,2016,2016,"Jul., 2016",2016/07,1923
,20-24 years,20-24,2016,2016,"Aug., 2016",2016/08,1973
,20-24 years,20-24,2016,2016,"Sep., 2016",2016/09,1862
,20-24 years,20-24,2016,2016,"oct., 2016",2016/10,1826
,20-24 years,20-24,2016,2016,"nov., 2016",2016/11,1820
,20-24 years,20-24,2016,2016,"Dec., 2016",2016/12,1886
Total,20-24 years,20-24,2016,2016,,,21763
,20-24 years,20-24,2017,2017,"Jan., 2017",2017/01,1852
,20-24 years,20-24,2017,2017,"Feb., 2017",2017/02,1543
,20-24 years,20-24,2017,2017,"Mar., 2017",2017/03,1786
,20-24 years,20-24,2017,2017,"Apr., 2017",2017/04,1754
,20-24 years,20-24,2017,2017,"May, 2017",2017/05,1912
,20-24 years,20-24,2017,2017,"Jun., 2017",2017/06,1799
,20-24 years,20-24,2017,2017,"Jul., 2017",2017/07,1796
,20-24 years,20-24,2017,2017,"Aug., 2017",2017/08,1775
,20-24 years,20-24,2017,2017,"Sep., 2017",2017/09,1748
,20-24 years,20-24,2017,2017,"oct., 2017",2017/10,1750
,20-24 years,20-24,2017,2017,"nov., 2017",2017/11,1680
,20-24 years,20-24,2017,2017,"Dec., 2017",2017/12,1744
Total,20-24 years,20-24,2017,2017,,,21139
,20-24 years,20-24,2018,2018,"Jan., 2018",2018/01,1724
,20-24 years,20-24,2018,2018,"Feb., 2018",2018/02,1450
,20-24 years,20-24,2018,2018,"Mar., 2018",2018/03,1645
,20-24 years,20-24,2018,2018,"Apr., 2018",2018/04,1603
,20-24 years,20-24,2018,2018,"May, 2018",2018/05,1760
,20-24 years,20-24,2018,2018,"Jun., 2018",2018/06,1700
,20-24 years,20-24,2018,2018,"Jul., 2018",2018/07,1771
,20-24 years,20-24,2018,2018,"Aug., 2018",2018/08,1684
,20-24 years,20-24,2018,2018,"Sep., 2018",2018/09,1653
,20-24 years,20-24,2018,2018,"oct., 2018",2018/10,1708
,20-24 years,20-24,2018,2018,"nov., 2018",2018/11,1530
,20-24 years,20-24,2018,2018,"Dec., 2018",2018/12,1546
Total,20-24 years,20-24,2018,2018,,,19774
,20-24 years,20-24,2019,2019,"Jan., 2019",2019/01,1536
,20-24 years,20-24,2019,2019,"Feb., 2019",2019/02,1380
,20-24 years,20-24,2019,2019,"Mar., 2019",2019/03,1561
,20-24 years,20-24,2019,2019,"Apr., 2019",2019/04,1507
,20-24 years,20-24,2019,2019,"May, 2019",2019/05,1694
,20-24 years,20-24,2019,2019,"Jun., 2019",2019/06,1634
,20-24 years,20-24,2019,2019,"Jul., 2019",2019/07,1757
,20-24 years,20-24,2019,2019,"Aug., 2019",2019/08,1706
,20-24 years,20-24,2019,2019,"Sep., 2019",2019/09,1651
,20-24 years,20-24,2019,2019,"oct., 2019",2019/10,1671
,20-24 years,20-24,2019,2019,"nov., 2019",2019/11,1673
,20-24 years,20-24,2019,2019,"Dec., 2019",2019/12,1743
Total,20-24 years,20-24,2019,2019,,,19513
,20-24 years,20-24,2020,2020,"Jan., 2020",2020/01,1646
,20-24 years,20-24,2020,2020,"Feb., 2020",2020/02,1548
,20-24 years,20-24,2020,2020,"Mar., 2020",2020/03,1773
,20-24 years,20-24,2020,2020,"Apr., 2020",2020/04,1930
,20-24 years,20-24,2020,2020,"May, 2020",2020/05,2012
,20-24 years,20-24,2020,2020,"Jun., 2020",2020/06,2121
,20-24 years,20-24,2020,2020,"Jul., 2020",2020/07,2305
,20-24 years,20-24,2020,2020,"Aug., 2020",2020/08,2188
,20-24 years,20-24,2020,2020,"Sep., 2020",2020/09,2059
,20-24 years,20-24,2020,2020,"oct., 2020",2020/10,2026
,20-24 years,20-24,2020,2020,"nov., 2020",2020/11,1932
,20-24 years,20-24,2020,2020,"Dec., 2020",2020/12,1998
Total,20-24 years,20-24,2020,2020,,,23538
Total,20-24 years,20-24,,,,,126035
,25-29 years,25-29,2015,2015,"Jan., 2015",2015/01,1900
,25-29 years,25-29,2015,2015,"Feb., 2015",2015/02,1717
,25-29 years,25-29,2015,2015,"Mar., 2015",2015/03,2023
,25-29 years,25-29,2015,2015,"Apr., 2015",2015/04,1918
,25-29 years,25-29,2015,2015,"May, 2015",2015/05,2007
,25-29 years,25-29,2015,2015,"Jun., 2015",2015/06,2004
,25-29 years,25-29,2015,2015,"Jul., 2015",2015/07,2101
,25-29 years,25-29,2015,2015,"Aug., 2015",2015/08,2055
,25-29 years,25-29,2015,2015,"Sep., 2015",2015/09,2058
,25-29 years,25-29,2015,2015,"oct., 2015",2015/10,2143
,25-29 years,25-29,2015,2015,"nov., 2015",2015/11,1945
,25-29 years,25-29,2015,2015,"Dec., 2015",2015/12,2027
Total,25-29 years,25-29,2015,2015,,,23898
,25-29 years,25-29,2016,2016,"Jan., 2016",2016/01,1980
,25-29 years,25-29,2016,2016,"Feb., 2016",2016/02,2053
,25-29 years,25-29,2016,2016,"Mar., 2016",2016/03,2253
,25-29 years,25-29,2016,2016,"Apr., 2016",2016/04,2107
,25-29 years,25-29,2016,2016,"May, 2016",2016/05,2328
,25-29 years,25-29,2016,2016,"Jun., 2016",2016/06,2235
,25-29 years,25-29,2016,2016,"Jul., 2016",2016/07,2395
,25-29 years,25-29,2016,2016,"Aug., 2016",2016/08,2346
,25-29 years,25-29,2016,2016,"Sep., 2016",2016/09,2258
,25-29 years,25-29,2016,2016,"oct., 2016",2016/10,2487
,25-29 years,25-29,2016,2016,"nov., 2016",2016/11,2258
,25-29 years,25-29,2016,2016,"Dec., 2016",2016/12,2353
Total,25-29 years,25-29,2016,2016,,,27053
,25-29 years,25-29,2017,2017,"Jan., 2017",2017/01,2325
,25-29 years,25-29,2017,2017,"Feb., 2017",2017/02,2151
,25-29 years,25-29,2017,2017,"Mar., 2017",2017/03,2283
,25-29 years,25-29,2017,2017,"Apr., 2017",2017/04,2196
,25-29 years,25-29,2017,2017,"May, 2017",2017/05,2453
,25-29 years,25-29,2017,2017,"Jun., 2017",2017/06,2531
,25-29 years,25-29,2017,2017,"Jul., 2017",2017/07,2472
,25-29 years,25-29,2017,2017,"Aug., 2017",2017/08,2463
,25-29 years,25-29,2017,2017,"Sep., 2017",2017/09,2422
,25-29 years,25-29,2017,2017,"oct., 2017",2017/10,2322
,25-29 years,25-29,2017,2017,"nov., 2017",2017/11,2360
,25-29 years,25-29,2017,2017,"Dec., 2017",2017/12,2298
Total,25-29 years,25-29,2017,2017,,,28276
,25-29 years,25-29,2018,2018,"Jan., 2018",2018/01,2385
,25-29 years,25-29,2018,2018,"Feb., 2018",2018/02,2016
,25-29 years,25-29,2018,2018,"Mar., 2018",2018/03,2244
,25-29 years,25-29,2018,2018,"Apr., 2018",2018/04,2284
,25-29 years,25-29,2018,2018,"May, 2018",2018/05,2364
,25-29 years,25-29,2018,2018,"Jun., 2018",2018/06,2382
,25-29 years,25-29,2018,2018,"Jul., 2018",2018/07,2445
,25-29 years,25-29,2018,2018,"Aug., 2018",2018/08,2370
,25-29 years,25-29,2018,2018,"Sep., 2018",2018/09,2310
,25-29 years,25-29,2018,2018,"oct., 2018",2018/10,2281
,25-29 years,25-29,2018,2018,"nov., 2018",2018/11,2190
,25-29 years,25-29,2018,2018,"Dec., 2018",2018/12,2190
Total,25-29 years,25-29,2018,2018,,,27461
,25-29 years,25-29,2019,2019,"Jan., 2019",2019/01,2106
,25-29 years,25-29,2019,2019,"Feb., 2019",2019/02,1981
,25-29 years,25-29,2019,2019,"Mar., 2019",2019/03,2258
,25-29 years,25-29,2019,2019,"Apr., 2019",2019/04,2190
,25-29 years,25-29,2019,2019,"May, 2019",2019/05,2220
,25-29 years,25-29,2019,2019,"Jun., 2019",2019/06,2269
,25-29 years,25-29,2019,2019,"Jul., 2019",2019/07,2409
,25-29 years,25-29,2019,2019,"Aug., 2019",2019/08,2410
,25-29 years,25-29,2019,2019,"Sep., 2019",2019/09,2212
,25-29 years,25-29,2019,2019,"oct., 2019",2019/10,2310
,25-29 years,25-29,2019,2019,"nov., 2019",2019/11,2273
,25-29 years,25-29,2019,2019,"Dec., 2019",2019/12,2331
Total,25-29 years,25-29,2019,2019,,,26969
,25-29 years,25-29,2020,2020,"Jan., 2020",2020/01,2214
,25-29 years,25-29,2020,2020,"Feb., 2020",2020/02,2212
,25-29 years,25-29,2020,2020,"Mar., 2020",2020/03,2514
,25-29 years,25-29,2020,2020,"Apr., 2020",2020/04,2776
,25-29 years,25-29,2020,2020,"May, 2020",2020/05,2906
,25-29 years,25-29,2020,2020,"Jun., 2020",2020/06,2966
,25-29 years,25-29,2020,2020,"Jul., 2020",2020/07,3112
,25-29 years,25-29,2020,2020,"Aug., 2020",2020/08,2980
,25-29 years,25-29,2020,2020,"Sep., 2020",2020/09,2701
,25-29 years,25-29,2020,2020,"oct., 2020",2020/10,2790
,25-29 years,25-29,2020,2020,"nov., 2020",2020/11,2689
,25-29 years,25-29,2020,2020,"Dec., 2020",2020/12,2836
Total,25-29 years,25-29,2020,2020,,,32696
Total,25-29 years,25-29,,,,,166353
,30-34 years,30-34,2015,2015,"Jan., 2015",2015/01,2273
,30-34 years,30-34,2015,2015,"Feb., 2015",2015/02,2018
,30-34 years,30-34,2015,2015,"Mar., 2015",2015/03,2298
,30-34 years,30-34,2015,2015,"Apr., 2015",2015/04,2213
,30-34 years,30-34,2015,2015,"May, 2015",2015/05,2437
,30-34 years,30-34,2015,2015,"Jun., 2015",2015/06,2247
,30-34 years,30-34,2015,2015,"Jul., 2015",2015/07,2400
,30-34 years,30-34,2015,2015,"Aug., 2015",2015/08,2426
,30-34 years,30-34,2015,2015,"Sep., 2015",2015/09,2321
,30-34 years,30-34,2015,2015,"oct., 2015",2015/10,2358
,30-34 years,30-34,2015,2015,"nov., 2015",2015/11,2315
,30-34 years,30-34,2015,2015,"Dec., 2015",2015/12,2313
Total,30-34 years,30-34,2015,2015,,,27619
,30-34 years,30-34,2016,2016,"Jan., 2016",2016/01,2378
,30-34 years,30-34,2016,2016,"Feb., 2016",2016/02,2380
,30-34 years,30-34,2016,2016,"Mar., 2016",2016/03,2448
,30-34 years,30-34,2016,2016,"Apr., 2016",2016/04,2442
,30-34 years,30-34,2016,2016,"May, 2016",2016/05,2493
,30-34 years,30-34,2016,2016,"Jun., 2016",2016/06,2519
,30-34 years,30-34,2016,2016,"Jul., 2016",2016/07,2755
,30-34 years,30-34,2016,2016,"Aug., 2016",2016/08,2731
,30-34 years,30-34,2016,2016,"Sep., 2016",2016/09,2480
,30-34 years,30-34,2016,2016,"oct., 2016",2016/10,2641
,30-34 years,30-34,2016,2016,"nov., 2016",2016/11,2543
,30-34 years,30-34,2016,2016,"Dec., 2016",2016/12,2753
Total,30-34 years,30-34,2016,2016,,,30563
,30-34 years,30-34,2017,2017,"Jan., 2017",2017/01,2741
,30-34 years,30-34,2017,2017,"Feb., 2017",2017/02,2382
,30-34 years,30-34,2017,2017,"Mar., 2017",2017/03,2610
,30-34 years,30-34,2017,2017,"Apr., 2017",2017/04,2611
,30-34 years,30-34,2017,2017,"May, 2017",2017/05,2670
,30-34 years,30-34,2017,2017,"Jun., 2017",2017/06,2716
,30-34 years,30-34,2017,2017,"Jul., 2017",2017/07,2806
,30-34 years,30-34,2017,2017,"Aug., 2017",2017/08,2774
,30-34 years,30-34,2017,2017,"Sep., 2017",2017/09,2647
,30-34 years,30-34,2017,2017,"oct., 2017",2017/10,2629
,30-34 years,30-34,2017,2017,"nov., 2017",2017/11,2632
,30-34 years,30-34,2017,2017,"Dec., 2017",2017/12,2721
Total,30-34 years,30-34,2017,2017,,,31939
,30-34 years,30-34,2018,2018,"Jan., 2018",2018/01,2744
,30-34 years,30-34,2018,2018,"Feb., 2018",2018/02,2416
,30-34 years,30-34,2018,2018,"Mar., 2018",2018/03,2654
,30-34 years,30-34,2018,2018,"Apr., 2018",2018/04,2445
,30-34 years,30-34,2018,2018,"May, 2018",2018/05,2698
,30-34 years,30-34,2018,2018,"Jun., 2018",2018/06,2607
,30-34 years,30-34,2018,2018,"Jul., 2018",2018/07,2735
,30-34 years,30-34,2018,2018,"Aug., 2018",2018/08,2707
,30-34 years,30-34,2018,2018,"Sep., 2018",2018/09,2647
,30-34 years,30-34,2018,2018,"oct., 2018",2018/10,2631
,30-34 years,30-34,2018,2018,"nov., 2018",2018/11,2468
,30-34 years,30-34,2018,2018,"Dec., 2018",2018/12,2631
Total,30-34 years,30-34,2018,2018,,,31383
,30-34 years,30-34,2019,2019,"Jan., 2019",2019/01,2487
,30-34 years,30-34,2019,2019,"Feb., 2019",2019/02,2391
,30-34 years,30-34,2019,2019,"Mar., 2019",2019/03,2692
,30-34 years,30-34,2019,2019,"Apr., 2019",2019/04,2549
,30-34 years,30-34,2019,2019,"May, 2019",2019/05,2755
,30-34 years,30-34,2019,2019,"Jun., 2019",2019/06,2738
,30-34 years,30-34,2019,2019,"Jul., 2019",2019/07,2820
,30-34 years,30-34,2019,2019,"Aug., 2019",2019/08,2790
,30-34 years,30-34,2019,2019,"Sep., 2019",2019/09,2689
,30-34 years,30-34,2019,2019,"oct., 2019",2019/10,2725
,30-34 years,30-34,2019,2019,"nov., 2019",2019/11,2670
,30-34 years,30-34,2019,2019,"Dec., 2019",2019/12,2903
Total,30-34 years,30-34,2019,2019,,,32209
,30-34 years,30-34,2020,2020,"Jan., 2020",2020/01,2974
,30-34 years,30-34,2020,2020,"Feb., 2020",2020/02,2796
,30-34 years,30-34,2020,2020,"Mar., 2020",2020/03,2979
,30-34 years,30-34,2020,2020,"Apr., 2020",2020/04,3346
,30-34 years,30-34,2020,2020,"May, 2020",2020/05,3677
,30-34 years,30-34,2020,2020,"Jun., 2020",2020/06,3594
,30-34 years,30-34,2020,2020,"Jul., 2020",2020/07,3768
,30-34 years,30-34,2020,2020,"Aug., 2020",2020/08,3734
,30-34 years,30-34,2020,2020,"Sep., 2020",2020/09,3381
,30-34 years,30-34,2020,2020,"oct., 2020",2020/10,3384
,30-34 years,30-34,2020,2020,"nov., 2020",2020/11,3496
,30-34 years,30-34,2020,2020,"Dec., 2020",2020/12,3661
Total,30-34 years,30-34,2020,2020,,,40790
Total,30-34 years,30-34,,,,,194503
,35-39 years,35-39,2015,2015,"Jan., 2015",2015/01,2610
,35-39 years,35-39,2015,2015,"Feb., 2015",2015/02,2367
,35-39 years,35-39,2015,2015,"Mar., 2015",2015/03,2667
,35-39 years,35-39,2015,2015,"Apr., 2015",2015/04,2434
,35-39 years,35-39,2015,2015,"May, 2015",2015/05,2624
,35-39 years,35-39,2015,2015,"Jun., 2015",2015/06,2550
,35-39 years,35-39,2015,2015,"Jul., 2015",2015/07,2755
,35-39 years,35-39,2015,2015,"Aug., 2015",2015/08,2851
,35-39 years,35-39,2015,2015,"Sep., 2015",2015/09,2648
,35-39 years,35-39,2015,2015,"oct., 2015",2015/10,2681
,35-39 years,35-39,2015,2015,"nov., 2015",2015/11,2536
,35-39 years,35-39,2015,2015,"Dec., 2015",2015/12,2694
Total,35-39 years,35-39,2015,2015,,,31417
,35-39 years,35-39,2016,2016,"Jan., 2016",2016/01,2796
,35-39 years,35-39,2016,2016,"Feb., 2016",2016/02,2631
,35-39 years,35-39,2016,2016,"Mar., 2016",2016/03,2941
,35-39 years,35-39,2016,2016,"Apr., 2016",2016/04,2821
,35-39 years,35-39,2016,2016,"May, 2016",2016/05,2879
,35-39 years,35-39,2016,2016,"Jun., 2016",2016/06,2878
,35-39 years,35-39,2016,2016,"Jul., 2016",2016/07,3102
,35-39 years,35-39,2016,2016,"Aug., 2016",2016/08,3003
,35-39 years,35-39,2016,2016,"Sep., 2016",2016/09,2908
,35-39 years,35-39,2016,2016,"oct., 2016",2016/10,3112
,35-39 years,35-39,2016,2016,"nov., 2016",2016/11,2966
,35-39 years,35-39,2016,2016,"Dec., 2016",2016/12,3240
Total,35-39 years,35-39,2016,2016,,,35277
,35-39 years,35-39,2017,2017,"Jan., 2017",2017/01,3204
,35-39 years,35-39,2017,2017,"Feb., 2017",2017/02,2844
,35-39 years,35-39,2017,2017,"Mar., 2017",2017/03,3194
,35-39 years,35-39,2017,2017,"Apr., 2017",2017/04,2969
,35-39 years,35-39,2017,2017,"May, 2017",2017/05,3076
,35-39 years,35-39,2017,2017,"Jun., 2017",2017/06,3000
,35-39 years,35-39,2017,2017,"Jul., 2017",2017/07,3170
,35-39 years,35-39,2017,2017,"Aug., 2017",2017/08,3190
,35-39 years,35-39,2017,2017,"Sep., 2017",2017/09,2990
,35-39 years,35-39,2017,2017,"oct., 2017",2017/10,3068
,35-39 years,35-39,2017,2017,"nov., 2017",2017/11,2970
,35-39 years,35-39,2017,2017,"Dec., 2017",2017/12,3226
Total,35-39 years,35-39,2017,2017,,,36901
,35-39 years,35-39,2018,2018,"Jan., 2018",2018/01,3315
,35-39 years,35-39,2018,2018,"Feb., 2018",2018/02,2899
,35-39 years,35-39,2018,2018,"Mar., 2018",2018/03,3103
,35-39 years,35-39,2018,2018,"Apr., 2018",2018/04,2987
,35-39 years,35-39,2018,2018,"May, 2018",2018/05,3065
,35-39 years,35-39,2018,2018,"Jun., 2018",2018/06,3309
,35-39 years,35-39,2018,2018,"Jul., 2018",2018/07,3321
,35-39 years,35-39,2018,2018,"Aug., 2018",2018/08,3190
,35-39 years,35-39,2018,2018,"Sep., 2018",2018/09,3116
,35-39 years,35-39,2018,2018,"oct., 2018",2018/10,3089
,35-39 years,35-39,2018,2018,"nov., 2018",2018/11,3044
,35-39 years,35-39,2018,2018,"Dec., 2018",2018/12,3179
Total,35-39 years,35-39,2018,2018,,,37617
,35-39 years,35-39,2019,2019,"Jan., 2019",2019/01,3265
,35-39 years,35-39,2019,2019,"Feb., 2019",2019/02,2811
,35-39 years,35-39,2019,2019,"Mar., 2019",2019/03,3279
,35-39 years,35-39,2019,2019,"Apr., 2019",2019/04,3108
,35-39 years,35-39,2019,2019,"May, 2019",2019/05,3286
,35-39 years,35-39,2019,2019,"Jun., 2019",2019/06,3182
,35-39 years,35-39,2019,2019,"Jul., 2019",2019/07,3257
,35-39 years,35-39,2019,2019,"Aug., 2019",2019/08,3344
,35-39 years,35-39,2019,2019,"Sep., 2019",2019/09,3214
,35-39 years,35-39,2019,2019,"oct., 2019",2019/10,3270
,35-39 years,35-39,2019,2019,"nov., 2019",2019/11,3207
,35-39 years,35-39,2019,2019,"Dec., 2019",2019/12,3415
Total,35-39 years,35-39,2019,2019,,,38638
,35-39 years,35-39,2020,2020,"Jan., 2020",2020/01,3466
,35-39 years,35-39,2020,2020,"Feb., 2020",2020/02,3163
,35-39 years,35-39,2020,2020,"Mar., 2020",2020/03,3746
,35-39 years,35-39,2020,2020,"Apr., 2020",2020/04,4051
,35-39 years,35-39,2020,2020,"May, 2020",2020/05,4289
,35-39 years,35-39,2020,2020,"Jun., 2020",2020/06,4034
,35-39 years,35-39,2020,2020,"Jul., 2020",2020/07,4564
,35-39 years,35-39,2020,2020,"Aug., 2020",2020/08,4373
,35-39 years,35-39,2020,2020,"Sep., 2020",2020/09,3902
,35-39 years,35-39,2020,2020,"oct., 2020",2020/10,4007
,35-39 years,35-39,2020,2020,"nov., 2020",2020/11,4143
,35-39 years,35-39,2020,2020,"Dec., 2020",2020/12,4343
Total,35-39 years,35-39,2020,2020,,,48081
Total,35-39 years,35-39,,,,,227931
,40-44 years,40-44,2015,2015,"Jan., 2015",2015/01,3635
,40-44 years,40-44,2015,2015,"Feb., 2015",2015/02,3246
,40-44 years,40-44,2015,2015,"Mar., 2015",2015/03,3622
,40-44 years,40-44,2015,2015,"Apr., 2015",2015/04,3373
,40-44 years,40-44,2015,2015,"May, 2015",2015/05,3536
,40-44 years,40-44,2015,2015,"Jun., 2015",2015/06,3423
,40-44 years,40-44,2015,2015,"Jul., 2015",2015/07,3565
,40-44 years,40-44,2015,2015,"Aug., 2015",2015/08,3477
,40-44 years,40-44,2015,2015,"Sep., 2015",2015/09,3420
,40-44 years,40-44,2015,2015,"oct., 2015",2015/10,3547
,40-44 years,40-44,2015,2015,"nov., 2015",2015/11,3312
,40-44 years,40-44,2015,2015,"Dec., 2015",2015/12,3515
Total,40-44 years,40-44,2015,2015,,,41671
,40-44 years,40-44,2016,2016,"Jan., 2016",2016/01,3651
,40-44 years,40-44,2016,2016,"Feb., 2016",2016/02,3463
,40-44 years,40-44,2016,2016,"Mar., 2016",2016/03,3651
,40-44 years,40-44,2016,2016,"Apr., 2016",2016/04,3528
,40-44 years,40-44,2016,2016,"May, 2016",2016/05,3475
,40-44 years,40-44,2016,2016,"Jun., 2016",2016/06,3418
,40-44 years,40-44,2016,2016,"Jul., 2016",2016/07,3653
,40-44 years,40-44,2016,2016,"Aug., 2016",2016/08,3619
,40-44 years,40-44,2016,2016,"Sep., 2016",2016/09,3431
,40-44 years,40-44,2016,2016,"oct., 2016",2016/10,3557
,40-44 years,40-44,2016,2016,"nov., 2016",2016/11,3461
,40-44 years,40-44,2016,2016,"Dec., 2016",2016/12,3608
Total,40-44 years,40-44,2016,2016,,,42515
,40-44 years,40-44,2017,2017,"Jan., 2017",2017/01,3842
,40-44 years,40-44,2017,2017,"Feb., 2017",2017/02,3213
,40-44 years,40-44,2017,2017,"Mar., 2017",2017/03,3603
,40-44 years,40-44,2017,2017,"Apr., 2017",2017/04,3601
,40-44 years,40-44,2017,2017,"May, 2017",2017/05,3540
,40-44 years,40-44,2017,2017,"Jun., 2017",2017/06,3405
,40-44 years,40-44,2017,2017,"Jul., 2017",2017/07,3667
,40-44 years,40-44,2017,2017,"Aug., 2017",2017/08,3542
,40-44 years,40-44,2017,2017,"Sep., 2017",2017/09,3575
,40-44 years,40-44,2017,2017,"oct., 2017",2017/10,3577
,40-44 years,40-44,2017,2017,"nov., 2017",2017/11,3578
,40-44 years,40-44,2017,2017,"Dec., 2017",2017/12,3752
Total,40-44 years,40-44,2017,2017,,,42895
,40-44 years,40-44,2018,2018,"Jan., 2018",2018/01,3740
,40-44 years,40-44,2018,2018,"Feb., 2018",2018/02,3345
,40-44 years,40-44,2018,2018,"Mar., 2018",2018/03,3642
,40-44 years,40-44,2018,2018,"Apr., 2018",2018/04,3443
,40-44 years,40-44,2018,2018,"May, 2018",2018/05,3537
,40-44 years,40-44,2018,2018,"Jun., 2018",2018/06,3533
,40-44 years,40-44,2018,2018,"Jul., 2018",2018/07,3602
,40-44 years,40-44,2018,2018,"Aug., 2018",2018/08,3685
,40-44 years,40-44,2018,2018,"Sep., 2018",2018/09,3540
,40-44 years,40-44,2018,2018,"oct., 2018",2018/10,3592
,40-44 years,40-44,2018,2018,"nov., 2018",2018/11,3507
,40-44 years,40-44,2018,2018,"Dec., 2018",2018/12,3597
Total,40-44 years,40-44,2018,2018,,,42763
,40-44 years,40-44,2019,2019,"Jan., 2019",2019/01,3716
,40-44 years,40-44,2019,2019,"Feb., 2019",2019/02,3363
,40-44 years,40-44,2019,2019,"Mar., 2019",2019/03,3780
,40-44 years,40-44,2019,2019,"Apr., 2019",2019/04,3667
,40-44 years,40-44,2019,2019,"May, 2019",2019/05,3634
,40-44 years,40-44,2019,2019,"Jun., 2019",2019/06,3599
,40-44 years,40-44,2019,2019,"Jul., 2019",2019/07,3786
,40-44 years,40-44,2019,2019,"Aug., 2019",2019/08,3799
,40-44 years,40-44,2019,2019,"Sep., 2019",2019/09,3673
,40-44 years,40-44,2019,2019,"oct., 2019",2019/10,3714
,40-44 years,40-44,2019,2019,"nov., 2019",2019/11,3684
,40-44 years,40-44,2019,2019,"Dec., 2019",2019/12,3933
Total,40-44 years,40-44,2019,2019,,,44348
,40-44 years,40-44,2020,2020,"Jan., 2020",2020/01,4086
,40-44 years,40-44,2020,2020,"Feb., 2020",2020/02,3733
,40-44 years,40-44,2020,2020,"Mar., 2020",2020/03,4248
,40-44 years,40-44,2020,2020,"Apr., 2020",2020/04,4952
,40-44 years,40-44,2020,2020,"May, 2020",2020/05,4949
,40-44 years,40-44,2020,2020,"Jun., 2020",2020/06,4573
,40-44 years,40-44,2020,2020,"Jul., 2020",2020/07,5310
,40-44 years,40-44,2020,2020,"Aug., 2020",2020/08,5017
,40-44 years,40-44,2020,2020,"Sep., 2020",2020/09,4601
,40-44 years,40-44,2020,2020,"oct., 2020",2020/10,4662
,40-44 years,40-44,2020,2020,"nov., 2020",2020/11,4802
,40-44 years,40-44,2020,2020,"Dec., 2020",2020/12,5476
Total,40-44 years,40-44,2020,2020,,,56409
Total,40-44 years,40-44,,,,,270601
,45-49 years,45-49,2015,2015,"Jan., 2015",2015/01,5862
,45-49 years,45-49,2015,2015,"Feb., 2015",2015/02,4928
,45-49 years,45-49,2015,2015,"Mar., 2015",2015/03,5554
,45-49 years,45-49,2015,2015,"Apr., 2015",2015/04,5285
,45-49 years,45-49,2015,2015,"May, 2015",2015/05,5432
,45-49 years,45-49,2015,2015,"Jun., 2015",2015/06,5378
,45-49 years,45-49,2015,2015,"Jul., 2015",2015/07,5441
,45-49 years,45-49,2015,2015,"Aug., 2015",2015/08,5383
,45-49 years,45-49,2015,2015,"Sep., 2015",2015/09,5130
,45-49 years,45-49,2015,2015,"oct., 2015",2015/10,5292
,45-49 years,45-49,2015,2015,"nov., 2015",2015/11,5219
,45-49 years,45-49,2015,2015,"Dec., 2015",2015/12,5473
Total,45-49 years,45-49,2015,2015,,,64377
,45-49 years,45-49,2016,2016,"Jan., 2016",2016/01,5558
,45-49 years,45-49,2016,2016,"Feb., 2016",2016/02,5368
,45-49 years,45-49,2016,2016,"Mar., 2016",2016/03,5912
,45-49 years,45-49,2016,2016,"Apr., 2016",2016/04,5313
,45-49 years,45-49,2016,2016,"May, 2016",2016/05,5335
,45-49 years,45-49,2016,2016,"Jun., 2016",2016/06,5222
,45-49 years,45-49,2016,2016,"Jul., 2016",2016/07,5570
,45-49 years,45-49,2016,2016,"Aug., 2016",2016/08,5431
,45-49 years,45-49,2016,2016,"Sep., 2016",2016/09,5309
,45-49 years,45-49,2016,2016,"oct., 2016",2016/10,5504
,45-49 years,45-49,2016,2016,"nov., 2016",2016/11,5355
,45-49 years,45-49,2016,2016,"Dec., 2016",2016/12,5708
Total,45-49 years,45-49,2016,2016,,,65585
,45-49 years,45-49,2017,2017,"Jan., 2017",2017/01,5779
,45-49 years,45-49,2017,2017,"Feb., 2017",2017/02,5225
,45-49 years,45-49,2017,2017,"Mar., 2017",2017/03,5714
,45-49 years,45-49,2017,2017,"Apr., 2017",2017/04,5370
,45-49 years,45-49,2017,2017,"May, 2017",2017/05,5344
,45-49 years,45-49,2017,2017,"Jun., 2017",2017/06,5407
,45-49 years,45-49,2017,2017,"Jul., 2017",2017/07,5508
,45-49 years,45-49,2017,2017,"Aug., 2017",2017/08,5600
,45-49 years,45-49,2017,2017,"Sep., 2017",2017/09,5375
,45-49 years,45-49,2017,2017,"oct., 2017",2017/10,5344
,45-49 years,45-49,2017,2017,"nov., 2017",2017/11,5237
,45-49 years,45-49,2017,2017,"Dec., 2017",2017/12,5795
Total,45-49 years,45-49,2017,2017,,,65698
,45-49 years,45-49,2018,2018,"Jan., 2018",2018/01,6052
,45-49 years,45-49,2018,2018,"Feb., 2018",2018/02,5181
,45-49 years,45-49,2018,2018,"Mar., 2018",2018/03,5584
,45-49 years,45-49,2018,2018,"Apr., 2018",2018/04,5292
,45-49 years,45-49,2018,2018,"May, 2018",2018/05,5373
,45-49 years,45-49,2018,2018,"Jun., 2018",2018/06,5237
,45-49 years,45-49,2018,2018,"Jul., 2018",2018/07,5464
,45-49 years,45-49,2018,2018,"Aug., 2018",2018/08,5442
,45-49 years,45-49,2018,2018,"Sep., 2018",2018/09,5204
,45-49 years,45-49,2018,2018,"oct., 2018",2018/10,5291
,45-49 years,45-49,2018,2018,"nov., 2018",2018/11,5169
,45-49 years,45-49,2018,2018,"Dec., 2018",2018/12,5584
Total,45-49 years,45-49,2018,2018,,,64873
,45-49 years,45-49,2019,2019,"Jan., 2019",2019/01,5592
,45-49 years,45-49,2019,2019,"Feb., 2019",2019/02,5189
,45-49 years,45-49,2019,2019,"Mar., 2019",2019/03,5486
,45-49 years,45-49,2019,2019,"Apr., 2019",2019/04,5150
,45-49 years,45-49,2019,2019,"May, 2019",2019/05,5335
,45-49 years,45-49,2019,2019,"Jun., 2019",2019/06,5246
,45-49 years,45-49,2019,2019,"Jul., 2019",2019/07,5385
,45-49 years,45-49,2019,2019,"Aug., 2019",2019/08,5160
,45-49 years,45-49,2019,2019,"Sep., 2019",2019/09,5092
,45-49 years,45-49,2019,2019,"oct., 2019",2019/10,5152
,45-49 years,45-49,2019,2019,"nov., 2019",2019/11,5402
,45-49 years,45-49,2019,2019,"Dec., 2019",2019/12,5550
Total,45-49 years,45-49,2019,2019,,,63739
,45-49 years,45-49,2020,2020,"Jan., 2020",2020/01,5657
,45-49 years,45-49,2020,2020,"Feb., 2020",2020/02,5254
,45-49 years,45-49,2020,2020,"Mar., 2020",2020/03,5786
,45-49 years,45-49,2020,2020,"Apr., 2020",2020/04,6900
,45-49 years,45-49,2020,2020,"May, 2020",2020/05,6673
,45-49 years,45-49,2020,2020,"Jun., 2020",2020/06,6302
,45-49 years,45-49,2020,2020,"Jul., 2020",2020/07,6965
,45-49 years,45-49,2020,2020,"Aug., 2020",2020/08,6704
,45-49 years,45-49,2020,2020,"Sep., 2020",2020/09,6049
,45-49 years,45-49,2020,2020,"oct., 2020",2020/10,6164
,45-49 years,45-49,2020,2020,"nov., 2020",2020/11,6407
,45-49 years,45-49,2020,2020,"Dec., 2020",2020/12,7570
Total,45-49 years,45-49,2020,2020,,,76431
Total,45-49 years,45-49,,,,,400703
,50-54 years,50-54,2015,2015,"Jan., 2015",2015/01,10121
,50-54 years,50-54,2015,2015,"Feb., 2015",2015/02,8927
,50-54 years,50-54,2015,2015,"Mar., 2015",2015/03,9601
,50-54 years,50-54,2015,2015,"Apr., 2015",2015/04,8959
,50-54 years,50-54,2015,2015,"May, 2015",2015/05,9239
,50-54 years,50-54,2015,2015,"Jun., 2015",2015/06,8891
,50-54 years,50-54,2015,2015,"Jul., 2015",2015/07,9133
,50-54 years,50-54,2015,2015,"Aug., 2015",2015/08,9158
,50-54 years,50-54,2015,2015,"Sep., 2015",2015/09,9001
,50-54 years,50-54,2015,2015,"oct., 2015",2015/10,9007
,50-54 years,50-54,2015,2015,"nov., 2015",2015/11,8782
,50-54 years,50-54,2015,2015,"Dec., 2015",2015/12,9298
Total,50-54 years,50-54,2015,2015,,,110117
,50-54 years,50-54,2016,2016,"Jan., 2016",2016/01,9404
,50-54 years,50-54,2016,2016,"Feb., 2016",2016/02,8946
,50-54 years,50-54,2016,2016,"Mar., 2016",2016/03,9715
,50-54 years,50-54,2016,2016,"Apr., 2016",2016/04,8980
,50-54 years,50-54,2016,2016,"May, 2016",2016/05,8846
,50-54 years,50-54,2016,2016,"Jun., 2016",2016/06,8663
,50-54 years,50-54,2016,2016,"Jul., 2016",2016/07,8953
,50-54 years,50-54,2016,2016,"Aug., 2016",2016/08,8753
,50-54 years,50-54,2016,2016,"Sep., 2016",2016/09,8591
,50-54 years,50-54,2016,2016,"oct., 2016",2016/10,9049
,50-54 years,50-54,2016,2016,"nov., 2016",2016/11,8751
,50-54 years,50-54,2016,2016,"Dec., 2016",2016/12,9280
Total,50-54 years,50-54,2016,2016,,,107931
,50-54 years,50-54,2017,2017,"Jan., 2017",2017/01,9485
,50-54 years,50-54,2017,2017,"Feb., 2017",2017/02,8474
,50-54 years,50-54,2017,2017,"Mar., 2017",2017/03,9236
,50-54 years,50-54,2017,2017,"Apr., 2017",2017/04,8699
,50-54 years,50-54,2017,2017,"May, 2017",2017/05,8822
,50-54 years,50-54,2017,2017,"Jun., 2017",2017/06,8317
,50-54 years,50-54,2017,2017,"Jul., 2017",2017/07,8477
,50-54 years,50-54,2017,2017,"Aug., 2017",2017/08,8543
,50-54 years,50-54,2017,2017,"Sep., 2017",2017/09,8381
,50-54 years,50-54,2017,2017,"oct., 2017",2017/10,8606
,50-54 years,50-54,2017,2017,"nov., 2017",2017/11,8190
,50-54 years,50-54,2017,2017,"Dec., 2017",2017/12,9214
Total,50-54 years,50-54,2017,2017,,,104444
,50-54 years,50-54,2018,2018,"Jan., 2018",2018/01,9636
,50-54 years,50-54,2018,2018,"Feb., 2018",2018/02,8132
,50-54 years,50-54,2018,2018,"Mar., 2018",2018/03,8728
,50-54 years,50-54,2018,2018,"Apr., 2018",2018/04,8108
,50-54 years,50-54,2018,2018,"May, 2018",2018/05,8245
,50-54 years,50-54,2018,2018,"Jun., 2018",2018/06,8054
,50-54 years,50-54,2018,2018,"Jul., 2018",2018/07,8360
,50-54 years,50-54,2018,2018,"Aug., 2018",2018/08,8153
,50-54 years,50-54,2018,2018,"Sep., 2018",2018/09,7911
,50-54 years,50-54,2018,2018,"oct., 2018",2018/10,8178
,50-54 years,50-54,2018,2018,"nov., 2018",2018/11,7935
,50-54 years,50-54,2018,2018,"Dec., 2018",2018/12,8524
Total,50-54 years,50-54,2018,2018,,,99964
,50-54 years,50-54,2019,2019,"Jan., 2019",2019/01,8748
,50-54 years,50-54,2019,2019,"Feb., 2019",2019/02,7738
,50-54 years,50-54,2019,2019,"Mar., 2019",2019/03,8511
,50-54 years,50-54,2019,2019,"Apr., 2019",2019/04,7949
,50-54 years,50-54,2019,2019,"May, 2019",2019/05,8189
,50-54 years,50-54,2019,2019,"Jun., 2019",2019/06,7727
,50-54 years,50-54,2019,2019,"Jul., 2019",2019/07,8226
,50-54 years,50-54,2019,2019,"Aug., 2019",2019/08,7808
,50-54 years,50-54,2019,2019,"Sep., 2019",2019/09,7536
,50-54 years,50-54,2019,2019,"oct., 2019",2019/10,7999
,50-54 years,50-54,2019,2019,"nov., 2019",2019/11,7848
,50-54 years,50-54,2019,2019,"Dec., 2019",2019/12,8375
Total,50-54 years,50-54,2019,2019,,,96654
,50-54 years,50-54,2020,2020,"Jan., 2020",2020/01,8684
,50-54 years,50-54,2020,2020,"Feb., 2020",2020/02,8075
,50-54 years,50-54,2020,2020,"Mar., 2020",2020/03,8814
,50-54 years,50-54,2020,2020,"Apr., 2020",2020/04,10410
,50-54 years,50-54,2020,2020,"May, 2020",2020/05,9822
,50-54 years,50-54,2020,2020,"Jun., 2020",2020/06,9349
,50-54 years,50-54,2020,2020,"Jul., 2020",2020/07,10168
,50-54 years,50-54,2020,2020,"Aug., 2020",2020/08,9897
,50-54 years,50-54,2020,2020,"Sep., 2020",2020/09,9017
,50-54 years,50-54,2020,2020,"oct., 2020",2020/10,9213
,50-54 years,50-54,2020,2020,"nov., 2020",2020/11,9623
,50-54 years,50-54,2020,2020,"Dec., 2020",2020/12,11639
Total,50-54 years,50-54,2020,2020,,,114711
Total,50-54 years,50-54,,,,,633821
,55-59 years,55-59,2015,2015,"Jan., 2015",2015/01,14577
,55-59 years,55-59,2015,2015,"Feb., 2015",2015/02,12821
,55-59 years,55-59,2015,2015,"Mar., 2015",2015/03,14135
,55-59 years,55-59,2015,2015,"Apr., 2015",2015/04,13132
,55-59 years,55-59,2015,2015,"May, 2015",2015/05,13500
,55-59 years,55-59,2015,2015,"Jun., 2015",2015/06,12711
,55-59 years,55-59,2015,2015,"Jul., 2015",2015/07,13078
,55-59 years,55-59,2015,2015,"Aug., 2015",2015/08,12919
,55-59 years,55-59,2015,2015,"Sep., 2015",2015/09,12660
,55-59 years,55-59,2015,2015,"oct., 2015",2015/10,13340
,55-59 years,55-59,2015,2015,"nov., 2015",2015/11,12908
,55-59 years,55-59,2015,2015,"Dec., 2015",2015/12,13808
Total,55-59 years,55-59,2015,2015,,,159589
,55-59 years,55-59,2016,2016,"Jan., 2016",2016/01,14369
,55-59 years,55-59,2016,2016,"Feb., 2016",2016/02,13551
,55-59 years,55-59,2016,2016,"Mar., 2016",2016/03,14546
,55-59 years,55-59,2016,2016,"Apr., 2016",2016/04,13323
,55-59 years,55-59,2016,2016,"May, 2016",2016/05,13658
,55-59 years,55-59,2016,2016,"Jun., 2016",2016/06,12598
,55-59 years,55-59,2016,2016,"Jul., 2016",2016/07,13091
,55-59 years,55-59,2016,2016,"Aug., 2016",2016/08,13209
,55-59 years,55-59,2016,2016,"Sep., 2016",2016/09,12885
,55-59 years,55-59,2016,2016,"oct., 2016",2016/10,13305
,55-59 years,55-59,2016,2016,"nov., 2016",2016/11,13194
,55-59 years,55-59,2016,2016,"Dec., 2016",2016/12,14417
Total,55-59 years,55-59,2016,2016,,,162146
,55-59 years,55-59,2017,2017,"Jan., 2017",2017/01,14568
,55-59 years,55-59,2017,2017,"Feb., 2017",2017/02,13350
,55-59 years,55-59,2017,2017,"Mar., 2017",2017/03,14129
,55-59 years,55-59,2017,2017,"Apr., 2017",2017/04,13250
,55-59 years,55-59,2017,2017,"May, 2017",2017/05,13499
,55-59 years,55-59,2017,2017,"Jun., 2017",2017/06,13129
,55-59 years,55-59,2017,2017,"Jul., 2017",2017/07,13317
,55-59 years,55-59,2017,2017,"Aug., 2017",2017/08,12991
,55-59 years,55-59,2017,2017,"Sep., 2017",2017/09,12886
,55-59 years,55-59,2017,2017,"oct., 2017",2017/10,13305
,55-59 years,55-59,2017,2017,"nov., 2017",2017/11,13144
,55-59 years,55-59,2017,2017,"Dec., 2017",2017/12,14530
Total,55-59 years,55-59,2017,2017,,,162098
,55-59 years,55-59,2018,2018,"Jan., 2018",2018/01,15614
,55-59 years,55-59,2018,2018,"Feb., 2018",2018/02,13301
,55-59 years,55-59,2018,2018,"Mar., 2018",2018/03,13871
,55-59 years,55-59,2018,2018,"Apr., 2018",2018/04,13069
,55-59 years,55-59,2018,2018,"May, 2018",2018/05,13069
,55-59 years,55-59,2018,2018,"Jun., 2018",2018/06,12978
,55-59 years,55-59,2018,2018,"Jul., 2018",2018/07,13139
,55-59 years,55-59,2018,2018,"Aug., 2018",2018/08,13218
,55-59 years,55-59,2018,2018,"Sep., 2018",2018/09,12614
,55-59 years,55-59,2018,2018,"oct., 2018",2018/10,13166
,55-59 years,55-59,2018,2018,"nov., 2018",2018/11,13055
,55-59 years,55-59,2018,2018,"Dec., 2018",2018/12,13869
Total,55-59 years,55-59,2018,2018,,,160963
,55-59 years,55-59,2019,2019,"Jan., 2019",2019/01,14318
,55-59 years,55-59,2019,2019,"Feb., 2019",2019/02,12752
,55-59 years,55-59,2019,2019,"Mar., 2019",2019/03,14037
,55-59 years,55-59,2019,2019,"Apr., 2019",2019/04,12967
,55-59 years,55-59,2019,2019,"May, 2019",2019/05,13159
,55-59 years,55-59,2019,2019,"Jun., 2019",2019/06,12773
,55-59 years,55-59,2019,2019,"Jul., 2019",2019/07,13197
,55-59 years,55-59,2019,2019,"Aug., 2019",2019/08,12711
,55-59 years,55-59,2019,2019,"Sep., 2019",2019/09,12652
,55-59 years,55-59,2019,2019,"oct., 2019",2019/10,12843
,55-59 years,55-59,2019,2019,"nov., 2019",2019/11,13151
,55-59 years,55-59,2019,2019,"Dec., 2019",2019/12,13893
Total,55-59 years,55-59,2019,2019,,,158453
,55-59 years,55-59,2020,2020,"Jan., 2020",2020/01,14193
,55-59 years,55-59,2020,2020,"Feb., 2020",2020/02,13149
,55-59 years,55-59,2020,2020,"Mar., 2020",2020/03,14494
,55-59 years,55-59,2020,2020,"Apr., 2020",2020/04,16818
,55-59 years,55-59,2020,2020,"May, 2020",2020/05,15294
,55-59 years,55-59,2020,2020,"Jun., 2020",2020/06,14234
,55-59 years,55-59,2020,2020,"Jul., 2020",2020/07,16184
,55-59 years,55-59,2020,2020,"Aug., 2020",2020/08,15624
,55-59 years,55-59,2020,2020,"Sep., 2020",2020/09,14341
,55-59 years,55-59,2020,2020,"oct., 2020",2020/10,14903
,55-59 years,55-59,2020,2020,"nov., 2020",2020/11,15533
,55-59 years,55-59,2020,2020,"Dec., 2020",2020/12,18461
Total,55-59 years,55-59,2020,2020,,,183228
Total,55-59 years,55-59,,,,,986477
,60-64 years ,60-64,2015,2015,"Jan., 2015",2015/01,18178
,60-64 years ,60-64,2015,2015,"Feb., 2015",2015/02,15999
,60-64 years ,60-64,2015,2015,"Mar., 2015",2015/03,17423
,60-64 years ,60-64,2015,2015,"Apr., 2015",2015/04,16201
,60-64 years ,60-64,2015,2015,"May, 2015",2015/05,16376
,60-64 years ,60-64,2015,2015,"Jun., 2015",2015/06,15892
,60-64 years ,60-64,2015,2015,"Jul., 2015",2015/07,16174
,60-64 years ,60-64,2015,2015,"Aug., 2015",2015/08,16047
,60-64 years ,60-64,2015,2015,"Sep., 2015",2015/09,15713
,60-64 years ,60-64,2015,2015,"oct., 2015",2015/10,16613
,60-64 years ,60-64,2015,2015,"nov., 2015",2015/11,16324
,60-64 years ,60-64,2015,2015,"Dec., 2015",2015/12,17256
Total,60-64 years ,60-64,2015,2015,,,198196
,60-64 years ,60-64,2016,2016,"Jan., 2016",2016/01,17896
,60-64 years ,60-64,2016,2016,"Feb., 2016",2016/02,16792
,60-64 years ,60-64,2016,2016,"Mar., 2016",2016/03,18283
,60-64 years ,60-64,2016,2016,"Apr., 2016",2016/04,17081
,60-64 years ,60-64,2016,2016,"May, 2016",2016/05,16580
,60-64 years ,60-64,2016,2016,"Jun., 2016",2016/06,16119
,60-64 years ,60-64,2016,2016,"Jul., 2016",2016/07,16892
,60-64 years ,60-64,2016,2016,"Aug., 2016",2016/08,16585
,60-64 years ,60-64,2016,2016,"Sep., 2016",2016/09,15990
,60-64 years ,60-64,2016,2016,"oct., 2016",2016/10,16962
,60-64 years ,60-64,2016,2016,"nov., 2016",2016/11,16808
,60-64 years ,60-64,2016,2016,"Dec., 2016",2016/12,18311
Total,60-64 years ,60-64,2016,2016,,,204299
,60-64 years ,60-64,2017,2017,"Jan., 2017",2017/01,18854
,60-64 years ,60-64,2017,2017,"Feb., 2017",2017/02,16735
,60-64 years ,60-64,2017,2017,"Mar., 2017",2017/03,18268
,60-64 years ,60-64,2017,2017,"Apr., 2017",2017/04,17248
,60-64 years ,60-64,2017,2017,"May, 2017",2017/05,17259
,60-64 years ,60-64,2017,2017,"Jun., 2017",2017/06,16808
,60-64 years ,60-64,2017,2017,"Jul., 2017",2017/07,17099
,60-64 years ,60-64,2017,2017,"Aug., 2017",2017/08,16874
,60-64 years ,60-64,2017,2017,"Sep., 2017",2017/09,16717
,60-64 years ,60-64,2017,2017,"oct., 2017",2017/10,17513
,60-64 years ,60-64,2017,2017,"nov., 2017",2017/11,17394
,60-64 years ,60-64,2017,2017,"Dec., 2017",2017/12,19139
Total,60-64 years ,60-64,2017,2017,,,209908
,60-64 years ,60-64,2018,2018,"Jan., 2018",2018/01,20657
,60-64 years ,60-64,2018,2018,"Feb., 2018",2018/02,17168
,60-64 years ,60-64,2018,2018,"Mar., 2018",2018/03,18677
,60-64 years ,60-64,2018,2018,"Apr., 2018",2018/04,17402
,60-64 years ,60-64,2018,2018,"May, 2018",2018/05,17518
,60-64 years ,60-64,2018,2018,"Jun., 2018",2018/06,16971
,60-64 years ,60-64,2018,2018,"Jul., 2018",2018/07,17515
,60-64 years ,60-64,2018,2018,"Aug., 2018",2018/08,17348
,60-64 years ,60-64,2018,2018,"Sep., 2018",2018/09,16454
,60-64 years ,60-64,2018,2018,"oct., 2018",2018/10,17689
,60-64 years ,60-64,2018,2018,"nov., 2018",2018/11,17708
,60-64 years ,60-64,2018,2018,"Dec., 2018",2018/12,18766
Total,60-64 years ,60-64,2018,2018,,,213873
,60-64 years ,60-64,2019,2019,"Jan., 2019",2019/01,19516
,60-64 years ,60-64,2019,2019,"Feb., 2019",2019/02,17745
,60-64 years ,60-64,2019,2019,"Mar., 2019",2019/03,19119
,60-64 years ,60-64,2019,2019,"Apr., 2019",2019/04,17842
,60-64 years ,60-64,2019,2019,"May, 2019",2019/05,18022
,60-64 years ,60-64,2019,2019,"Jun., 2019",2019/06,17126
,60-64 years ,60-64,2019,2019,"Jul., 2019",2019/07,17451
,60-64 years ,60-64,2019,2019,"Aug., 2019",2019/08,17503
,60-64 years ,60-64,2019,2019,"Sep., 2019",2019/09,16827
,60-64 years ,60-64,2019,2019,"oct., 2019",2019/10,18001
,60-64 years ,60-64,2019,2019,"nov., 2019",2019/11,18002
,60-64 years ,60-64,2019,2019,"Dec., 2019",2019/12,19330
Total,60-64 years ,60-64,2019,2019,,,216484
,60-64 years ,60-64,2020,2020,"Jan., 2020",2020/01,19955
,60-64 years ,60-64,2020,2020,"Feb., 2020",2020/02,18723
,60-64 years ,60-64,2020,2020,"Mar., 2020",2020/03,20538
,60-64 years ,60-64,2020,2020,"Apr., 2020",2020/04,23838
,60-64 years ,60-64,2020,2020,"May, 2020",2020/05,21348
,60-64 years ,60-64,2020,2020,"Jun., 2020",2020/06,19498
,60-64 years ,60-64,2020,2020,"Jul., 2020",2020/07,21960
,60-64 years ,60-64,2020,2020,"Aug., 2020",2020/08,21650
,60-64 years ,60-64,2020,2020,"Sep., 2020",2020/09,19738
,60-64 years ,60-64,2020,2020,"oct., 2020",2020/10,20788
,60-64 years ,60-64,2020,2020,"nov., 2020",2020/11,22138
,60-64 years ,60-64,2020,2020,"Dec., 2020",2020/12,27147
Total,60-64 years ,60-64,2020,2020,,,257321
Total,60-64 years ,60-64,,,,,1300081
,65-69 years,65-69,2015,2015,"Jan., 2015",2015/01,21654
,65-69 years,65-69,2015,2015,"Feb., 2015",2015/02,19069
,65-69 years,65-69,2015,2015,"Mar., 2015",2015/03,20793
,65-69 years,65-69,2015,2015,"Apr., 2015",2015/04,19309
,65-69 years,65-69,2015,2015,"May, 2015",2015/05,19233
,65-69 years,65-69,2015,2015,"Jun., 2015",2015/06,18627
,65-69 years,65-69,2015,2015,"Jul., 2015",2015/07,18993
,65-69 years,65-69,2015,2015,"Aug., 2015",2015/08,19010
,65-69 years,65-69,2015,2015,"Sep., 2015",2015/09,18748
,65-69 years,65-69,2015,2015,"oct., 2015",2015/10,19808
,65-69 years,65-69,2015,2015,"nov., 2015",2015/11,19362
,65-69 years,65-69,2015,2015,"Dec., 2015",2015/12,20876
Total,65-69 years,65-69,2015,2015,,,235482
,65-69 years,65-69,2016,2016,"Jan., 2016",2016/01,21476
,65-69 years,65-69,2016,2016,"Feb., 2016",2016/02,20513
,65-69 years,65-69,2016,2016,"Mar., 2016",2016/03,22288
,65-69 years,65-69,2016,2016,"Apr., 2016",2016/04,20486
,65-69 years,65-69,2016,2016,"May, 2016",2016/05,20376
,65-69 years,65-69,2016,2016,"Jun., 2016",2016/06,19566
,65-69 years,65-69,2016,2016,"Jul., 2016",2016/07,19957
,65-69 years,65-69,2016,2016,"Aug., 2016",2016/08,20078
,65-69 years,65-69,2016,2016,"Sep., 2016",2016/09,19232
,65-69 years,65-69,2016,2016,"oct., 2016",2016/10,20418
,65-69 years,65-69,2016,2016,"nov., 2016",2016/11,20069
,65-69 years,65-69,2016,2016,"Dec., 2016",2016/12,22196
Total,65-69 years,65-69,2016,2016,,,246655
,65-69 years,65-69,2017,2017,"Jan., 2017",2017/01,22852
,65-69 years,65-69,2017,2017,"Feb., 2017",2017/02,20408
,65-69 years,65-69,2017,2017,"Mar., 2017",2017/03,22001
,65-69 years,65-69,2017,2017,"Apr., 2017",2017/04,20224
,65-69 years,65-69,2017,2017,"May, 2017",2017/05,20396
,65-69 years,65-69,2017,2017,"Jun., 2017",2017/06,19467
,65-69 years,65-69,2017,2017,"Jul., 2017",2017/07,19978
,65-69 years,65-69,2017,2017,"Aug., 2017",2017/08,19812
,65-69 years,65-69,2017,2017,"Sep., 2017",2017/09,19406
,65-69 years,65-69,2017,2017,"oct., 2017",2017/10,20324
,65-69 years,65-69,2017,2017,"nov., 2017",2017/11,20537
,65-69 years,65-69,2017,2017,"Dec., 2017",2017/12,22682
Total,65-69 years,65-69,2017,2017,,,248087
,65-69 years,65-69,2018,2018,"Jan., 2018",2018/01,24525
,65-69 years,65-69,2018,2018,"Feb., 2018",2018/02,20699
,65-69 years,65-69,2018,2018,"Mar., 2018",2018/03,21768
,65-69 years,65-69,2018,2018,"Apr., 2018",2018/04,20736
,65-69 years,65-69,2018,2018,"May, 2018",2018/05,20379
,65-69 years,65-69,2018,2018,"Jun., 2018",2018/06,19646
,65-69 years,65-69,2018,2018,"Jul., 2018",2018/07,20068
,65-69 years,65-69,2018,2018,"Aug., 2018",2018/08,19995
,65-69 years,65-69,2018,2018,"Sep., 2018",2018/09,19793
,65-69 years,65-69,2018,2018,"oct., 2018",2018/10,20825
,65-69 years,65-69,2018,2018,"nov., 2018",2018/11,20758
,65-69 years,65-69,2018,2018,"Dec., 2018",2018/12,22054
Total,65-69 years,65-69,2018,2018,,,251246
,65-69 years,65-69,2019,2019,"Jan., 2019",2019/01,22905
,65-69 years,65-69,2019,2019,"Feb., 2019",2019/02,20605
,65-69 years,65-69,2019,2019,"Mar., 2019",2019/03,22649
,65-69 years,65-69,2019,2019,"Apr., 2019",2019/04,20908
,65-69 years,65-69,2019,2019,"May, 2019",2019/05,21288
,65-69 years,65-69,2019,2019,"Jun., 2019",2019/06,20217
,65-69 years,65-69,2019,2019,"Jul., 2019",2019/07,20618
,65-69 years,65-69,2019,2019,"Aug., 2019",2019/08,20515
,65-69 years,65-69,2019,2019,"Sep., 2019",2019/09,19819
,65-69 years,65-69,2019,2019,"oct., 2019",2019/10,20971
,65-69 years,65-69,2019,2019,"nov., 2019",2019/11,21462
,65-69 years,65-69,2019,2019,"Dec., 2019",2019/12,22455
Total,65-69 years,65-69,2019,2019,,,254412
,65-69 years,65-69,2020,2020,"Jan., 2020",2020/01,23714
,65-69 years,65-69,2020,2020,"Feb., 2020",2020/02,21873
,65-69 years,65-69,2020,2020,"Mar., 2020",2020/03,24302
,65-69 years,65-69,2020,2020,"Apr., 2020",2020/04,28613
,65-69 years,65-69,2020,2020,"May, 2020",2020/05,25005
,65-69 years,65-69,2020,2020,"Jun., 2020",2020/06,22816
,65-69 years,65-69,2020,2020,"Jul., 2020",2020/07,25779
,65-69 years,65-69,2020,2020,"Aug., 2020",2020/08,25602
,65-69 years,65-69,2020,2020,"Sep., 2020",2020/09,23351
,65-69 years,65-69,2020,2020,"oct., 2020",2020/10,24926
,65-69 years,65-69,2020,2020,"nov., 2020",2020/11,27161
,65-69 years,65-69,2020,2020,"Dec., 2020",2020/12,33246
Total,65-69 years,65-69,2020,2020,,,306388
Total,65-69 years,65-69,,,,,1542270
,70-74 years,70-74,2015,2015,"Jan., 2015",2015/01,24332
,70-74 years,70-74,2015,2015,"Feb., 2015",2015/02,21478
,70-74 years,70-74,2015,2015,"Mar., 2015",2015/03,23012
,70-74 years,70-74,2015,2015,"Apr., 2015",2015/04,21786
,70-74 years,70-74,2015,2015,"May, 2015",2015/05,21626
,70-74 years,70-74,2015,2015,"Jun., 2015",2015/06,20015
,70-74 years,70-74,2015,2015,"Jul., 2015",2015/07,20866
,70-74 years,70-74,2015,2015,"Aug., 2015",2015/08,20482
,70-74 years,70-74,2015,2015,"Sep., 2015",2015/09,20246
,70-74 years,70-74,2015,2015,"oct., 2015",2015/10,21842
,70-74 years,70-74,2015,2015,"nov., 2015",2015/11,21435
,70-74 years,70-74,2015,2015,"Dec., 2015",2015/12,22414
Total,70-74 years,70-74,2015,2015,,,259534
,70-74 years,70-74,2016,2016,"Jan., 2016",2016/01,23417
,70-74 years,70-74,2016,2016,"Feb., 2016",2016/02,22006
,70-74 years,70-74,2016,2016,"Mar., 2016",2016/03,23265
,70-74 years,70-74,2016,2016,"Apr., 2016",2016/04,22077
,70-74 years,70-74,2016,2016,"May, 2016",2016/05,21577
,70-74 years,70-74,2016,2016,"Jun., 2016",2016/06,20569
,70-74 years,70-74,2016,2016,"Jul., 2016",2016/07,21303
,70-74 years,70-74,2016,2016,"Aug., 2016",2016/08,21546
,70-74 years,70-74,2016,2016,"Sep., 2016",2016/09,20804
,70-74 years,70-74,2016,2016,"oct., 2016",2016/10,22124
,70-74 years,70-74,2016,2016,"nov., 2016",2016/11,22264
,70-74 years,70-74,2016,2016,"Dec., 2016",2016/12,24473
Total,70-74 years,70-74,2016,2016,,,265425
,70-74 years,70-74,2017,2017,"Jan., 2017",2017/01,25744
,70-74 years,70-74,2017,2017,"Feb., 2017",2017/02,23093
,70-74 years,70-74,2017,2017,"Mar., 2017",2017/03,24976
,70-74 years,70-74,2017,2017,"Apr., 2017",2017/04,23325
,70-74 years,70-74,2017,2017,"May, 2017",2017/05,23208
,70-74 years,70-74,2017,2017,"Jun., 2017",2017/06,22049
,70-74 years,70-74,2017,2017,"Jul., 2017",2017/07,22537
,70-74 years,70-74,2017,2017,"Aug., 2017",2017/08,22516
,70-74 years,70-74,2017,2017,"Sep., 2017",2017/09,22592
,70-74 years,70-74,2017,2017,"oct., 2017",2017/10,23568
,70-74 years,70-74,2017,2017,"nov., 2017",2017/11,23667
,70-74 years,70-74,2017,2017,"Dec., 2017",2017/12,26248
Total,70-74 years,70-74,2017,2017,,,283523
,70-74 years,70-74,2018,2018,"Jan., 2018",2018/01,28778
,70-74 years,70-74,2018,2018,"Feb., 2018",2018/02,24161
,70-74 years,70-74,2018,2018,"Mar., 2018",2018/03,25211
,70-74 years,70-74,2018,2018,"Apr., 2018",2018/04,24064
,70-74 years,70-74,2018,2018,"May, 2018",2018/05,23536
,70-74 years,70-74,2018,2018,"Jun., 2018",2018/06,22896
,70-74 years,70-74,2018,2018,"Jul., 2018",2018/07,23252
,70-74 years,70-74,2018,2018,"Aug., 2018",2018/08,23435
,70-74 years,70-74,2018,2018,"Sep., 2018",2018/09,22678
,70-74 years,70-74,2018,2018,"oct., 2018",2018/10,24361
,70-74 years,70-74,2018,2018,"nov., 2018",2018/11,24261
,70-74 years,70-74,2018,2018,"Dec., 2018",2018/12,25899
Total,70-74 years,70-74,2018,2018,,,292532
,70-74 years,70-74,2019,2019,"Jan., 2019",2019/01,26848
,70-74 years,70-74,2019,2019,"Feb., 2019",2019/02,24737
,70-74 years,70-74,2019,2019,"Mar., 2019",2019/03,26906
,70-74 years,70-74,2019,2019,"Apr., 2019",2019/04,24750
,70-74 years,70-74,2019,2019,"May, 2019",2019/05,24839
,70-74 years,70-74,2019,2019,"Jun., 2019",2019/06,23797
,70-74 years,70-74,2019,2019,"Jul., 2019",2019/07,24057
,70-74 years,70-74,2019,2019,"Aug., 2019",2019/08,24118
,70-74 years,70-74,2019,2019,"Sep., 2019",2019/09,23435
,70-74 years,70-74,2019,2019,"oct., 2019",2019/10,25378
,70-74 years,70-74,2019,2019,"nov., 2019",2019/11,25365
,70-74 years,70-74,2019,2019,"Dec., 2019",2019/12,26917
Total,70-74 years,70-74,2019,2019,,,301147
,70-74 years,70-74,2020,2020,"Jan., 2020",2020/01,28681
,70-74 years,70-74,2020,2020,"Feb., 2020",2020/02,26217
,70-74 years,70-74,2020,2020,"Mar., 2020",2020/03,28889
,70-74 years,70-74,2020,2020,"Apr., 2020",2020/04,34739
,70-74 years,70-74,2020,2020,"May, 2020",2020/05,29702
,70-74 years,70-74,2020,2020,"Jun., 2020",2020/06,26716
,70-74 years,70-74,2020,2020,"Jul., 2020",2020/07,30317
,70-74 years,70-74,2020,2020,"Aug., 2020",2020/08,30290
,70-74 years,70-74,2020,2020,"Sep., 2020",2020/09,28237
,70-74 years,70-74,2020,2020,"oct., 2020",2020/10,29927
,70-74 years,70-74,2020,2020,"nov., 2020",2020/11,33546
,70-74 years,70-74,2020,2020,"Dec., 2020",2020/12,40858
Total,70-74 years,70-74,2020,2020,,,368119
Total,70-74 years,70-74,,,,,1770280
,75-79 years,75-79,2015,2015,"Jan., 2015",2015/01,28284
,75-79 years,75-79,2015,2015,"Feb., 2015",2015/02,24436
,75-79 years,75-79,2015,2015,"Mar., 2015",2015/03,25877
,75-79 years,75-79,2015,2015,"Apr., 2015",2015/04,24294
,75-79 years,75-79,2015,2015,"May, 2015",2015/05,23868
,75-79 years,75-79,2015,2015,"Jun., 2015",2015/06,22555
,75-79 years,75-79,2015,2015,"Jul., 2015",2015/07,23075
,75-79 years,75-79,2015,2015,"Aug., 2015",2015/08,22868
,75-79 years,75-79,2015,2015,"Sep., 2015",2015/09,22176
,75-79 years,75-79,2015,2015,"oct., 2015",2015/10,23912
,75-79 years,75-79,2015,2015,"nov., 2015",2015/11,23663
,75-79 years,75-79,2015,2015,"Dec., 2015",2015/12,25397
Total,75-79 years,75-79,2015,2015,,,290405
,75-79 years,75-79,2016,2016,"Jan., 2016",2016/01,26392
,75-79 years,75-79,2016,2016,"Feb., 2016",2016/02,25063
,75-79 years,75-79,2016,2016,"Mar., 2016",2016/03,25931
,75-79 years,75-79,2016,2016,"Apr., 2016",2016/04,24460
,75-79 years,75-79,2016,2016,"May, 2016",2016/05,23937
,75-79 years,75-79,2016,2016,"Jun., 2016",2016/06,22611
,75-79 years,75-79,2016,2016,"Jul., 2016",2016/07,23356
,75-79 years,75-79,2016,2016,"Aug., 2016",2016/08,23740
,75-79 years,75-79,2016,2016,"Sep., 2016",2016/09,23168
,75-79 years,75-79,2016,2016,"oct., 2016",2016/10,24881
,75-79 years,75-79,2016,2016,"nov., 2016",2016/11,24424
,75-79 years,75-79,2016,2016,"Dec., 2016",2016/12,26932
Total,75-79 years,75-79,2016,2016,,,294895
,75-79 years,75-79,2017,2017,"Jan., 2017",2017/01,28381
,75-79 years,75-79,2017,2017,"Feb., 2017",2017/02,25286
,75-79 years,75-79,2017,2017,"Mar., 2017",2017/03,27481
,75-79 years,75-79,2017,2017,"Apr., 2017",2017/04,25416
,75-79 years,75-79,2017,2017,"May, 2017",2017/05,25189
,75-79 years,75-79,2017,2017,"Jun., 2017",2017/06,23868
,75-79 years,75-79,2017,2017,"Jul., 2017",2017/07,24158
,75-79 years,75-79,2017,2017,"Aug., 2017",2017/08,24095
,75-79 years,75-79,2017,2017,"Sep., 2017",2017/09,23802
,75-79 years,75-79,2017,2017,"oct., 2017",2017/10,25604
,75-79 years,75-79,2017,2017,"nov., 2017",2017/11,25297
,75-79 years,75-79,2017,2017,"Dec., 2017",2017/12,28921
Total,75-79 years,75-79,2017,2017,,,307498
,75-79 years,75-79,2018,2018,"Jan., 2018",2018/01,31962
,75-79 years,75-79,2018,2018,"Feb., 2018",2018/02,26865
,75-79 years,75-79,2018,2018,"Mar., 2018",2018/03,27937
,75-79 years,75-79,2018,2018,"Apr., 2018",2018/04,26245
,75-79 years,75-79,2018,2018,"May, 2018",2018/05,26000
,75-79 years,75-79,2018,2018,"Jun., 2018",2018/06,24470
,75-79 years,75-79,2018,2018,"Jul., 2018",2018/07,25366
,75-79 years,75-79,2018,2018,"Aug., 2018",2018/08,25531
,75-79 years,75-79,2018,2018,"Sep., 2018",2018/09,24972
,75-79 years,75-79,2018,2018,"oct., 2018",2018/10,26934
,75-79 years,75-79,2018,2018,"nov., 2018",2018/11,26891
,75-79 years,75-79,2018,2018,"Dec., 2018",2018/12,28572
Total,75-79 years,75-79,2018,2018,,,321745
,75-79 years,75-79,2019,2019,"Jan., 2019",2019/01,29757
,75-79 years,75-79,2019,2019,"Feb., 2019",2019/02,26903
,75-79 years,75-79,2019,2019,"Mar., 2019",2019/03,29176
,75-79 years,75-79,2019,2019,"Apr., 2019",2019/04,27252
,75-79 years,75-79,2019,2019,"May, 2019",2019/05,27594
,75-79 years,75-79,2019,2019,"Jun., 2019",2019/06,25937
,75-79 years,75-79,2019,2019,"Jul., 2019",2019/07,26191
,75-79 years,75-79,2019,2019,"Aug., 2019",2019/08,26127
,75-79 years,75-79,2019,2019,"Sep., 2019",2019/09,25731
,75-79 years,75-79,2019,2019,"oct., 2019",2019/10,27558
,75-79 years,75-79,2019,2019,"nov., 2019",2019/11,27593
,75-79 years,75-79,2019,2019,"Dec., 2019",2019/12,29674
Total,75-79 years,75-79,2019,2019,,,329493
,75-79 years,75-79,2020,2020,"Jan., 2020",2020/01,30796
,75-79 years,75-79,2020,2020,"Feb., 2020",2020/02,29027
,75-79 years,75-79,2020,2020,"Mar., 2020",2020/03,31953
,75-79 years,75-79,2020,2020,"Apr., 2020",2020/04,37862
,75-79 years,75-79,2020,2020,"May, 2020",2020/05,32199
,75-79 years,75-79,2020,2020,"Jun., 2020",2020/06,28542
,75-79 years,75-79,2020,2020,"Jul., 2020",2020/07,32170
,75-79 years,75-79,2020,2020,"Aug., 2020",2020/08,32268
,75-79 years,75-79,2020,2020,"Sep., 2020",2020/09,29937
,75-79 years,75-79,2020,2020,"oct., 2020",2020/10,32306
,75-79 years,75-79,2020,2020,"nov., 2020",2020/11,36242
,75-79 years,75-79,2020,2020,"Dec., 2020",2020/12,44889
Total,75-79 years,75-79,2020,2020,,,398191
Total,75-79 years,75-79,,,,,1942227
,80-84 years,80-84,2015,2015,"Jan., 2015",2015/01,35318
,80-84 years,80-84,2015,2015,"Feb., 2015",2015/02,30097
,80-84 years,80-84,2015,2015,"Mar., 2015",2015/03,31309
,80-84 years,80-84,2015,2015,"Apr., 2015",2015/04,28920
,80-84 years,80-84,2015,2015,"May, 2015",2015/05,28358
,80-84 years,80-84,2015,2015,"Jun., 2015",2015/06,26416
,80-84 years,80-84,2015,2015,"Jul., 2015",2015/07,27377
,80-84 years,80-84,2015,2015,"Aug., 2015",2015/08,26809
,80-84 years,80-84,2015,2015,"Sep., 2015",2015/09,26371
,80-84 years,80-84,2015,2015,"oct., 2015",2015/10,28276
,80-84 years,80-84,2015,2015,"nov., 2015",2015/11,28152
,80-84 years,80-84,2015,2015,"Dec., 2015",2015/12,29758
Total,80-84 years,80-84,2015,2015,,,347161
,80-84 years,80-84,2016,2016,"Jan., 2016",2016/01,31671
,80-84 years,80-84,2016,2016,"Feb., 2016",2016/02,29330
,80-84 years,80-84,2016,2016,"Mar., 2016",2016/03,30681
,80-84 years,80-84,2016,2016,"Apr., 2016",2016/04,28396
,80-84 years,80-84,2016,2016,"May, 2016",2016/05,28047
,80-84 years,80-84,2016,2016,"Jun., 2016",2016/06,26326
,80-84 years,80-84,2016,2016,"Jul., 2016",2016/07,26968
,80-84 years,80-84,2016,2016,"Aug., 2016",2016/08,26974
,80-84 years,80-84,2016,2016,"Sep., 2016",2016/09,26141
,80-84 years,80-84,2016,2016,"oct., 2016",2016/10,28230
,80-84 years,80-84,2016,2016,"nov., 2016",2016/11,28215
,80-84 years,80-84,2016,2016,"Dec., 2016",2016/12,31042
Total,80-84 years,80-84,2016,2016,,,342021
,80-84 years,80-84,2017,2017,"Jan., 2017",2017/01,33420
,80-84 years,80-84,2017,2017,"Feb., 2017",2017/02,29561
,80-84 years,80-84,2017,2017,"Mar., 2017",2017/03,31790
,80-84 years,80-84,2017,2017,"Apr., 2017",2017/04,28695
,80-84 years,80-84,2017,2017,"May, 2017",2017/05,28597
,80-84 years,80-84,2017,2017,"Jun., 2017",2017/06,26738
,80-84 years,80-84,2017,2017,"Jul., 2017",2017/07,27046
,80-84 years,80-84,2017,2017,"Aug., 2017",2017/08,27282
,80-84 years,80-84,2017,2017,"Sep., 2017",2017/09,27043
,80-84 years,80-84,2017,2017,"oct., 2017",2017/10,28763
,80-84 years,80-84,2017,2017,"nov., 2017",2017/11,29024
,80-84 years,80-84,2017,2017,"Dec., 2017",2017/12,32302
Total,80-84 years,80-84,2017,2017,,,350261
,80-84 years,80-84,2018,2018,"Jan., 2018",2018/01,36510
,80-84 years,80-84,2018,2018,"Feb., 2018",2018/02,29807
,80-84 years,80-84,2018,2018,"Mar., 2018",2018/03,31139
,80-84 years,80-84,2018,2018,"Apr., 2018",2018/04,29165
,80-84 years,80-84,2018,2018,"May, 2018",2018/05,28197
,80-84 years,80-84,2018,2018,"Jun., 2018",2018/06,26815
,80-84 years,80-84,2018,2018,"Jul., 2018",2018/07,27564
,80-84 years,80-84,2018,2018,"Aug., 2018",2018/08,27413
,80-84 years,80-84,2018,2018,"Sep., 2018",2018/09,26884
,80-84 years,80-84,2018,2018,"oct., 2018",2018/10,29031
,80-84 years,80-84,2018,2018,"nov., 2018",2018/11,29215
,80-84 years,80-84,2018,2018,"Dec., 2018",2018/12,31720
Total,80-84 years,80-84,2018,2018,,,353460
,80-84 years,80-84,2019,2019,"Jan., 2019",2019/01,32748
,80-84 years,80-84,2019,2019,"Feb., 2019",2019/02,29623
,80-84 years,80-84,2019,2019,"Mar., 2019",2019/03,32277
,80-84 years,80-84,2019,2019,"Apr., 2019",2019/04,29918
,80-84 years,80-84,2019,2019,"May, 2019",2019/05,29653
,80-84 years,80-84,2019,2019,"Jun., 2019",2019/06,27795
,80-84 years,80-84,2019,2019,"Jul., 2019",2019/07,28269
,80-84 years,80-84,2019,2019,"Aug., 2019",2019/08,28118
,80-84 years,80-84,2019,2019,"Sep., 2019",2019/09,27663
,80-84 years,80-84,2019,2019,"oct., 2019",2019/10,29862
,80-84 years,80-84,2019,2019,"nov., 2019",2019/11,30037
,80-84 years,80-84,2019,2019,"Dec., 2019",2019/12,32571
Total,80-84 years,80-84,2019,2019,,,358534
,80-84 years,80-84,2020,2020,"Jan., 2020",2020/01,33105
,80-84 years,80-84,2020,2020,"Feb., 2020",2020/02,30509
,80-84 years,80-84,2020,2020,"Mar., 2020",2020/03,34103
,80-84 years,80-84,2020,2020,"Apr., 2020",2020/04,41085
,80-84 years,80-84,2020,2020,"May, 2020",2020/05,34213
,80-84 years,80-84,2020,2020,"Jun., 2020",2020/06,30140
,80-84 years,80-84,2020,2020,"Jul., 2020",2020/07,33798
,80-84 years,80-84,2020,2020,"Aug., 2020",2020/08,34323
,80-84 years,80-84,2020,2020,"Sep., 2020",2020/09,31552
,80-84 years,80-84,2020,2020,"oct., 2020",2020/10,34185
,80-84 years,80-84,2020,2020,"nov., 2020",2020/11,38957
,80-84 years,80-84,2020,2020,"Dec., 2020",2020/12,47923
Total,80-84 years,80-84,2020,2020,,,423893
Total,80-84 years,80-84,,,,,2175330
,85-89 years,85-89,2015,2015,"Jan., 2015",2015/01,40677
,85-89 years,85-89,2015,2015,"Feb., 2015",2015/02,33743
,85-89 years,85-89,2015,2015,"Mar., 2015",2015/03,36246
,85-89 years,85-89,2015,2015,"Apr., 2015",2015/04,32396
,85-89 years,85-89,2015,2015,"May, 2015",2015/05,32017
,85-89 years,85-89,2015,2015,"Jun., 2015",2015/06,29776
,85-89 years,85-89,2015,2015,"Jul., 2015",2015/07,30480
,85-89 years,85-89,2015,2015,"Aug., 2015",2015/08,29935
,85-89 years,85-89,2015,2015,"Sep., 2015",2015/09,29278
,85-89 years,85-89,2015,2015,"oct., 2015",2015/10,31716
,85-89 years,85-89,2015,2015,"nov., 2015",2015/11,31121
,85-89 years,85-89,2015,2015,"Dec., 2015",2015/12,33362
Total,85-89 years,85-89,2015,2015,,,390747
,85-89 years,85-89,2016,2016,"Jan., 2016",2016/01,35986
,85-89 years,85-89,2016,2016,"Feb., 2016",2016/02,33191
,85-89 years,85-89,2016,2016,"Mar., 2016",2016/03,34859
,85-89 years,85-89,2016,2016,"Apr., 2016",2016/04,32229
,85-89 years,85-89,2016,2016,"May, 2016",2016/05,30940
,85-89 years,85-89,2016,2016,"Jun., 2016",2016/06,29237
,85-89 years,85-89,2016,2016,"Jul., 2016",2016/07,29850
,85-89 years,85-89,2016,2016,"Aug., 2016",2016/08,29866
,85-89 years,85-89,2016,2016,"Sep., 2016",2016/09,29482
,85-89 years,85-89,2016,2016,"oct., 2016",2016/10,31635
,85-89 years,85-89,2016,2016,"nov., 2016",2016/11,31893
,85-89 years,85-89,2016,2016,"Dec., 2016",2016/12,35311
Total,85-89 years,85-89,2016,2016,,,384479
,85-89 years,85-89,2017,2017,"Jan., 2017",2017/01,37887
,85-89 years,85-89,2017,2017,"Feb., 2017",2017/02,33518
,85-89 years,85-89,2017,2017,"Mar., 2017",2017/03,35639
,85-89 years,85-89,2017,2017,"Apr., 2017",2017/04,32445
,85-89 years,85-89,2017,2017,"May, 2017",2017/05,31028
,85-89 years,85-89,2017,2017,"Jun., 2017",2017/06,29597
,85-89 years,85-89,2017,2017,"Jul., 2017",2017/07,29469
,85-89 years,85-89,2017,2017,"Aug., 2017",2017/08,29701
,85-89 years,85-89,2017,2017,"Sep., 2017",2017/09,29720
,85-89 years,85-89,2017,2017,"oct., 2017",2017/10,31398
,85-89 years,85-89,2017,2017,"nov., 2017",2017/11,31595
,85-89 years,85-89,2017,2017,"Dec., 2017",2017/12,36124
Total,85-89 years,85-89,2017,2017,,,388121
,85-89 years,85-89,2018,2018,"Jan., 2018",2018/01,41061
,85-89 years,85-89,2018,2018,"Feb., 2018",2018/02,33329
,85-89 years,85-89,2018,2018,"Mar., 2018",2018/03,34484
,85-89 years,85-89,2018,2018,"Apr., 2018",2018/04,32036
,85-89 years,85-89,2018,2018,"May, 2018",2018/05,30663
,85-89 years,85-89,2018,2018,"Jun., 2018",2018/06,29253
,85-89 years,85-89,2018,2018,"Jul., 2018",2018/07,29483
,85-89 years,85-89,2018,2018,"Aug., 2018",2018/08,29272
,85-89 years,85-89,2018,2018,"Sep., 2018",2018/09,28704
,85-89 years,85-89,2018,2018,"oct., 2018",2018/10,31346
,85-89 years,85-89,2018,2018,"nov., 2018",2018/11,31748
,85-89 years,85-89,2018,2018,"Dec., 2018",2018/12,33737
Total,85-89 years,85-89,2018,2018,,,385116
,85-89 years,85-89,2019,2019,"Jan., 2019",2019/01,34766
,85-89 years,85-89,2019,2019,"Feb., 2019",2019/02,31437
,85-89 years,85-89,2019,2019,"Mar., 2019",2019/03,34595
,85-89 years,85-89,2019,2019,"Apr., 2019",2019/04,31249
,85-89 years,85-89,2019,2019,"May, 2019",2019/05,31339
,85-89 years,85-89,2019,2019,"Jun., 2019",2019/06,29569
,85-89 years,85-89,2019,2019,"Jul., 2019",2019/07,29882
,85-89 years,85-89,2019,2019,"Aug., 2019",2019/08,29468
,85-89 years,85-89,2019,2019,"Sep., 2019",2019/09,29174
,85-89 years,85-89,2019,2019,"oct., 2019",2019/10,31609
,85-89 years,85-89,2019,2019,"nov., 2019",2019/11,31490
,85-89 years,85-89,2019,2019,"Dec., 2019",2019/12,34338
Total,85-89 years,85-89,2019,2019,,,378916
,85-89 years,85-89,2020,2020,"Jan., 2020",2020/01,34954
,85-89 years,85-89,2020,2020,"Feb., 2020",2020/02,32469
,85-89 years,85-89,2020,2020,"Mar., 2020",2020/03,35365
,85-89 years,85-89,2020,2020,"Apr., 2020",2020/04,43571
,85-89 years,85-89,2020,2020,"May, 2020",2020/05,36258
,85-89 years,85-89,2020,2020,"Jun., 2020",2020/06,31062
,85-89 years,85-89,2020,2020,"Jul., 2020",2020/07,34413
,85-89 years,85-89,2020,2020,"Aug., 2020",2020/08,34377
,85-89 years,85-89,2020,2020,"Sep., 2020",2020/09,32357
,85-89 years,85-89,2020,2020,"oct., 2020",2020/10,34788
,85-89 years,85-89,2020,2020,"nov., 2020",2020/11,40048
,85-89 years,85-89,2020,2020,"Dec., 2020",2020/12,49589
Total,85-89 years,85-89,2020,2020,,,439251
Total,85-89 years,85-89,,,,,2366630
,90-94 years,90-94,2015,2015,"Jan., 2015",2015/01,33595
,90-94 years,90-94,2015,2015,"Feb., 2015",2015/02,27687
,90-94 years,90-94,2015,2015,"Mar., 2015",2015/03,28841
,90-94 years,90-94,2015,2015,"Apr., 2015",2015/04,26278
,90-94 years,90-94,2015,2015,"May, 2015",2015/05,25537
,90-94 years,90-94,2015,2015,"Jun., 2015",2015/06,23578
,90-94 years,90-94,2015,2015,"Jul., 2015",2015/07,24138
,90-94 years,90-94,2015,2015,"Aug., 2015",2015/08,23761
,90-94 years,90-94,2015,2015,"Sep., 2015",2015/09,23320
,90-94 years,90-94,2015,2015,"oct., 2015",2015/10,25189
,90-94 years,90-94,2015,2015,"nov., 2015",2015/11,25022
,90-94 years,90-94,2015,2015,"Dec., 2015",2015/12,26850
Total,90-94 years,90-94,2015,2015,,,313796
,90-94 years,90-94,2016,2016,"Jan., 2016",2016/01,29192
,90-94 years,90-94,2016,2016,"Feb., 2016",2016/02,26213
,90-94 years,90-94,2016,2016,"Mar., 2016",2016/03,27814
,90-94 years,90-94,2016,2016,"Apr., 2016",2016/04,25765
,90-94 years,90-94,2016,2016,"May, 2016",2016/05,25481
,90-94 years,90-94,2016,2016,"Jun., 2016",2016/06,23499
,90-94 years,90-94,2016,2016,"Jul., 2016",2016/07,23924
,90-94 years,90-94,2016,2016,"Aug., 2016",2016/08,24000
,90-94 years,90-94,2016,2016,"Sep., 2016",2016/09,23992
,90-94 years,90-94,2016,2016,"oct., 2016",2016/10,25939
,90-94 years,90-94,2016,2016,"nov., 2016",2016/11,26144
,90-94 years,90-94,2016,2016,"Dec., 2016",2016/12,28808
Total,90-94 years,90-94,2016,2016,,,310771
,90-94 years,90-94,2017,2017,"Jan., 2017",2017/01,31367
,90-94 years,90-94,2017,2017,"Feb., 2017",2017/02,27936
,90-94 years,90-94,2017,2017,"Mar., 2017",2017/03,29579
,90-94 years,90-94,2017,2017,"Apr., 2017",2017/04,26360
,90-94 years,90-94,2017,2017,"May, 2017",2017/05,25425
,90-94 years,90-94,2017,2017,"Jun., 2017",2017/06,23839
,90-94 years,90-94,2017,2017,"Jul., 2017",2017/07,24120
,90-94 years,90-94,2017,2017,"Aug., 2017",2017/08,24361
,90-94 years,90-94,2017,2017,"Sep., 2017",2017/09,24506
,90-94 years,90-94,2017,2017,"oct., 2017",2017/10,25968
,90-94 years,90-94,2017,2017,"nov., 2017",2017/11,25993
,90-94 years,90-94,2017,2017,"Dec., 2017",2017/12,29989
Total,90-94 years,90-94,2017,2017,,,319443
,90-94 years,90-94,2018,2018,"Jan., 2018",2018/01,34967
,90-94 years,90-94,2018,2018,"Feb., 2018",2018/02,27613
,90-94 years,90-94,2018,2018,"Mar., 2018",2018/03,28952
,90-94 years,90-94,2018,2018,"Apr., 2018",2018/04,26686
,90-94 years,90-94,2018,2018,"May, 2018",2018/05,25260
,90-94 years,90-94,2018,2018,"Jun., 2018",2018/06,23889
,90-94 years,90-94,2018,2018,"Jul., 2018",2018/07,24149
,90-94 years,90-94,2018,2018,"Aug., 2018",2018/08,24205
,90-94 years,90-94,2018,2018,"Sep., 2018",2018/09,23664
,90-94 years,90-94,2018,2018,"oct., 2018",2018/10,26083
,90-94 years,90-94,2018,2018,"nov., 2018",2018/11,26160
,90-94 years,90-94,2018,2018,"Dec., 2018",2018/12,28441
Total,90-94 years,90-94,2018,2018,,,320069
,90-94 years,90-94,2019,2019,"Jan., 2019",2019/01,29633
,90-94 years,90-94,2019,2019,"Feb., 2019",2019/02,26487
,90-94 years,90-94,2019,2019,"Mar., 2019",2019/03,29155
,90-94 years,90-94,2019,2019,"Apr., 2019",2019/04,26309
,90-94 years,90-94,2019,2019,"May, 2019",2019/05,26051
,90-94 years,90-94,2019,2019,"Jun., 2019",2019/06,24497
,90-94 years,90-94,2019,2019,"Jul., 2019",2019/07,24682
,90-94 years,90-94,2019,2019,"Aug., 2019",2019/08,24581
,90-94 years,90-94,2019,2019,"Sep., 2019",2019/09,24313
,90-94 years,90-94,2019,2019,"oct., 2019",2019/10,26207
,90-94 years,90-94,2019,2019,"nov., 2019",2019/11,26716
,90-94 years,90-94,2019,2019,"Dec., 2019",2019/12,28852
Total,90-94 years,90-94,2019,2019,,,317483
,90-94 years,90-94,2020,2020,"Jan., 2020",2020/01,29559
,90-94 years,90-94,2020,2020,"Feb., 2020",2020/02,27131
,90-94 years,90-94,2020,2020,"Mar., 2020",2020/03,29439
,90-94 years,90-94,2020,2020,"Apr., 2020",2020/04,36396
,90-94 years,90-94,2020,2020,"May, 2020",2020/05,30631
,90-94 years,90-94,2020,2020,"Jun., 2020",2020/06,25901
,90-94 years,90-94,2020,2020,"Jul., 2020",2020/07,27990
,90-94 years,90-94,2020,2020,"Aug., 2020",2020/08,28251
,90-94 years,90-94,2020,2020,"Sep., 2020",2020/09,26880
,90-94 years,90-94,2020,2020,"oct., 2020",2020/10,29381
,90-94 years,90-94,2020,2020,"nov., 2020",2020/11,33283
,90-94 years,90-94,2020,2020,"Dec., 2020",2020/12,40844
Total,90-94 years,90-94,2020,2020,,,365686
Total,90-94 years,90-94,,,,,1947248
,95-99 years,95-99,2015,2015,"Jan., 2015",2015/01,13889
,95-99 years,95-99,2015,2015,"Feb., 2015",2015/02,11294
,95-99 years,95-99,2015,2015,"Mar., 2015",2015/03,11594
,95-99 years,95-99,2015,2015,"Apr., 2015",2015/04,10445
,95-99 years,95-99,2015,2015,"May, 2015",2015/05,10152
,95-99 years,95-99,2015,2015,"Jun., 2015",2015/06,9564
,95-99 years,95-99,2015,2015,"Jul., 2015",2015/07,9654
,95-99 years,95-99,2015,2015,"Aug., 2015",2015/08,9621
,95-99 years,95-99,2015,2015,"Sep., 2015",2015/09,9632
,95-99 years,95-99,2015,2015,"oct., 2015",2015/10,10351
,95-99 years,95-99,2015,2015,"nov., 2015",2015/11,10392
,95-99 years,95-99,2015,2015,"Dec., 2015",2015/12,11040
Total,95-99 years,95-99,2015,2015,,,127628
,95-99 years,95-99,2016,2016,"Jan., 2016",2016/01,11814
,95-99 years,95-99,2016,2016,"Feb., 2016",2016/02,11082
,95-99 years,95-99,2016,2016,"Mar., 2016",2016/03,11543
,95-99 years,95-99,2016,2016,"Apr., 2016",2016/04,10640
,95-99 years,95-99,2016,2016,"May, 2016",2016/05,10839
,95-99 years,95-99,2016,2016,"Jun., 2016",2016/06,10005
,95-99 years,95-99,2016,2016,"Jul., 2016",2016/07,10099
,95-99 years,95-99,2016,2016,"Aug., 2016",2016/08,10131
,95-99 years,95-99,2016,2016,"Sep., 2016",2016/09,10226
,95-99 years,95-99,2016,2016,"oct., 2016",2016/10,11184
,95-99 years,95-99,2016,2016,"nov., 2016",2016/11,11229
,95-99 years,95-99,2016,2016,"Dec., 2016",2016/12,12584
Total,95-99 years,95-99,2016,2016,,,131376
,95-99 years,95-99,2017,2017,"Jan., 2017",2017/01,14106
,95-99 years,95-99,2017,2017,"Feb., 2017",2017/02,12321
,95-99 years,95-99,2017,2017,"Mar., 2017",2017/03,13012
,95-99 years,95-99,2017,2017,"Apr., 2017",2017/04,11637
,95-99 years,95-99,2017,2017,"May, 2017",2017/05,11196
,95-99 years,95-99,2017,2017,"Jun., 2017",2017/06,10375
,95-99 years,95-99,2017,2017,"Jul., 2017",2017/07,10544
,95-99 years,95-99,2017,2017,"Aug., 2017",2017/08,10567
,95-99 years,95-99,2017,2017,"Sep., 2017",2017/09,10719
,95-99 years,95-99,2017,2017,"oct., 2017",2017/10,11444
,95-99 years,95-99,2017,2017,"nov., 2017",2017/11,11654
,95-99 years,95-99,2017,2017,"Dec., 2017",2017/12,13533
Total,95-99 years,95-99,2017,2017,,,141108
,95-99 years,95-99,2018,2018,"Jan., 2018",2018/01,16073
,95-99 years,95-99,2018,2018,"Feb., 2018",2018/02,12779
,95-99 years,95-99,2018,2018,"Mar., 2018",2018/03,13024
,95-99 years,95-99,2018,2018,"Apr., 2018",2018/04,11793
,95-99 years,95-99,2018,2018,"May, 2018",2018/05,11229
,95-99 years,95-99,2018,2018,"Jun., 2018",2018/06,10656
,95-99 years,95-99,2018,2018,"Jul., 2018",2018/07,10975
,95-99 years,95-99,2018,2018,"Aug., 2018",2018/08,10867
,95-99 years,95-99,2018,2018,"Sep., 2018",2018/09,10888
,95-99 years,95-99,2018,2018,"oct., 2018",2018/10,11740
,95-99 years,95-99,2018,2018,"nov., 2018",2018/11,11912
,95-99 years,95-99,2018,2018,"Dec., 2018",2018/12,12910
Total,95-99 years,95-99,2018,2018,,,144846
,95-99 years,95-99,2019,2019,"Jan., 2019",2019/01,13475
,95-99 years,95-99,2019,2019,"Feb., 2019",2019/02,12025
,95-99 years,95-99,2019,2019,"Mar., 2019",2019/03,13203
,95-99 years,95-99,2019,2019,"Apr., 2019",2019/04,12132
,95-99 years,95-99,2019,2019,"May, 2019",2019/05,11832
,95-99 years,95-99,2019,2019,"Jun., 2019",2019/06,11336
,95-99 years,95-99,2019,2019,"Jul., 2019",2019/07,11356
,95-99 years,95-99,2019,2019,"Aug., 2019",2019/08,11422
,95-99 years,95-99,2019,2019,"Sep., 2019",2019/09,11331
,95-99 years,95-99,2019,2019,"oct., 2019",2019/10,12543
,95-99 years,95-99,2019,2019,"nov., 2019",2019/11,12597
,95-99 years,95-99,2019,2019,"Dec., 2019",2019/12,13364
Total,95-99 years,95-99,2019,2019,,,146616
,95-99 years,95-99,2020,2020,"Jan., 2020",2020/01,13921
,95-99 years,95-99,2020,2020,"Feb., 2020",2020/02,12530
,95-99 years,95-99,2020,2020,"Mar., 2020",2020/03,14089
,95-99 years,95-99,2020,2020,"Apr., 2020",2020/04,17613
,95-99 years,95-99,2020,2020,"May, 2020",2020/05,14507
,95-99 years,95-99,2020,2020,"Jun., 2020",2020/06,12100
,95-99 years,95-99,2020,2020,"Jul., 2020",2020/07,13104
,95-99 years,95-99,2020,2020,"Aug., 2020",2020/08,13130
,95-99 years,95-99,2020,2020,"Sep., 2020",2020/09,12540
,95-99 years,95-99,2020,2020,"oct., 2020",2020/10,13705
,95-99 years,95-99,2020,2020,"nov., 2020",2020/11,15392
,95-99 years,95-99,2020,2020,"Dec., 2020",2020/12,18605
Total,95-99 years,95-99,2020,2020,,,171236
Total,95-99 years,95-99,,,,,862810
,100+ years,100+,2015,2015,"Jan., 2015",2015/01,3106
,100+ years,100+,2015,2015,"Feb., 2015",2015/02,2509
,100+ years,100+,2015,2015,"Mar., 2015",2015/03,2451
,100+ years,100+,2015,2015,"Apr., 2015",2015/04,2280
,100+ years,100+,2015,2015,"May, 2015",2015/05,2171
,100+ years,100+,2015,2015,"Jun., 2015",2015/06,2027
,100+ years,100+,2015,2015,"Jul., 2015",2015/07,2096
,100+ years,100+,2015,2015,"Aug., 2015",2015/08,2039
,100+ years,100+,2015,2015,"Sep., 2015",2015/09,2006
,100+ years,100+,2015,2015,"oct., 2015",2015/10,2209
,100+ years,100+,2015,2015,"nov., 2015",2015/11,2278
,100+ years,100+,2015,2015,"Dec., 2015",2015/12,2358
Total,100+ years,100+,2015,2015,,,27530
,100+ years,100+,2016,2016,"Jan., 2016",2016/01,2643
,100+ years,100+,2016,2016,"Feb., 2016",2016/02,2320
,100+ years,100+,2016,2016,"Mar., 2016",2016/03,2559
,100+ years,100+,2016,2016,"Apr., 2016",2016/04,2272
,100+ years,100+,2016,2016,"May, 2016",2016/05,2171
,100+ years,100+,2016,2016,"Jun., 2016",2016/06,2043
,100+ years,100+,2016,2016,"Jul., 2016",2016/07,2137
,100+ years,100+,2016,2016,"Aug., 2016",2016/08,2173
,100+ years,100+,2016,2016,"Sep., 2016",2016/09,2077
,100+ years,100+,2016,2016,"oct., 2016",2016/10,2389
,100+ years,100+,2016,2016,"nov., 2016",2016/11,2344
,100+ years,100+,2016,2016,"Dec., 2016",2016/12,2708
Total,100+ years,100+,2016,2016,,,27836
,100+ years,100+,2017,2017,"Jan., 2017",2017/01,2898
,100+ years,100+,2017,2017,"Feb., 2017",2017/02,2589
,100+ years,100+,2017,2017,"Mar., 2017",2017/03,2767
,100+ years,100+,2017,2017,"Apr., 2017",2017/04,2457
,100+ years,100+,2017,2017,"May, 2017",2017/05,2347
,100+ years,100+,2017,2017,"Jun., 2017",2017/06,2116
,100+ years,100+,2017,2017,"Jul., 2017",2017/07,2057
,100+ years,100+,2017,2017,"Aug., 2017",2017/08,2170
,100+ years,100+,2017,2017,"Sep., 2017",2017/09,2252
,100+ years,100+,2017,2017,"oct., 2017",2017/10,2383
,100+ years,100+,2017,2017,"nov., 2017",2017/11,2496
,100+ years,100+,2017,2017,"Dec., 2017",2017/12,2831
Total,100+ years,100+,2017,2017,,,29363
,100+ years,100+,2018,2018,"Jan., 2018",2018/01,3333
,100+ years,100+,2018,2018,"Feb., 2018",2018/02,2622
,100+ years,100+,2018,2018,"Mar., 2018",2018/03,2618
,100+ years,100+,2018,2018,"Apr., 2018",2018/04,2522
,100+ years,100+,2018,2018,"May, 2018",2018/05,2294
,100+ years,100+,2018,2018,"Jun., 2018",2018/06,2275
,100+ years,100+,2018,2018,"Jul., 2018",2018/07,2277
,100+ years,100+,2018,2018,"Aug., 2018",2018/08,2305
,100+ years,100+,2018,2018,"Sep., 2018",2018/09,2215
,100+ years,100+,2018,2018,"oct., 2018",2018/10,2490
,100+ years,100+,2018,2018,"nov., 2018",2018/11,2525
,100+ years,100+,2018,2018,"Dec., 2018",2018/12,2773
Total,100+ years,100+,2018,2018,,,30249
,100+ years,100+,2019,2019,"Jan., 2019",2019/01,2956
,100+ years,100+,2019,2019,"Feb., 2019",2019/02,2544
,100+ years,100+,2019,2019,"Mar., 2019",2019/03,2820
,100+ years,100+,2019,2019,"Apr., 2019",2019/04,2478
,100+ years,100+,2019,2019,"May, 2019",2019/05,2476
,100+ years,100+,2019,2019,"Jun., 2019",2019/06,2408
,100+ years,100+,2019,2019,"Jul., 2019",2019/07,2375
,100+ years,100+,2019,2019,"Aug., 2019",2019/08,2282
,100+ years,100+,2019,2019,"Sep., 2019",2019/09,2386
,100+ years,100+,2019,2019,"oct., 2019",2019/10,2550
,100+ years,100+,2019,2019,"nov., 2019",2019/11,2580
,100+ years,100+,2019,2019,"Dec., 2019",2019/12,2876
Total,100+ years,100+,2019,2019,,,30731
,100+ years,100+,2020,2020,"Jan., 2020",2020/01,2962
,100+ years,100+,2020,2020,"Feb., 2020",2020/02,2713
,100+ years,100+,2020,2020,"Mar., 2020",2020/03,2930
,100+ years,100+,2020,2020,"Apr., 2020",2020/04,3843
,100+ years,100+,2020,2020,"May, 2020",2020/05,3128
,100+ years,100+,2020,2020,"Jun., 2020",2020/06,2430
,100+ years,100+,2020,2020,"Jul., 2020",2020/07,2772
,100+ years,100+,2020,2020,"Aug., 2020",2020/08,2772
,100+ years,100+,2020,2020,"Sep., 2020",2020/09,2693
,100+ years,100+,2020,2020,"oct., 2020",2020/10,2887
,100+ years,100+,2020,2020,"nov., 2020",2020/11,3315
,100+ years,100+,2020,2020,"Dec., 2020",2020/12,4187
Total,100+ years,100+,2020,2020,,,36632
Total,100+ years,100+,,,,,182341
,Not Stated,NS,2015,2015,"Jan., 2015",2015/01,14
,Not Stated,NS,2015,2015,"Feb., 2015",2015/02,12
,Not Stated,NS,2015,2015,"Mar., 2015",2015/03,12
,Not Stated,NS,2015,2015,"Jun., 2015",2015/06,18
,Not Stated,NS,2015,2015,"Jul., 2015",2015/07,13
,Not Stated,NS,2015,2015,"Aug., 2015",2015/08,14
,Not Stated,NS,2015,2015,"Sep., 2015",2015/09,12
,Not Stated,NS,2015,2015,"oct., 2015",2015/10,10
,Not Stated,NS,2015,2015,"Dec., 2015",2015/12,14
Total,Not Stated,NS,2015,2015,,,138
,Not Stated,NS,2016,2016,"Mar., 2016",2016/03,10
,Not Stated,NS,2016,2016,"Apr., 2016",2016/04,13
,Not Stated,NS,2016,2016,"May, 2016",2016/05,17
,Not Stated,NS,2016,2016,"Jul., 2016",2016/07,10
,Not Stated,NS,2016,2016,"Sep., 2016",2016/09,16
,Not Stated,NS,2016,2016,"oct., 2016",2016/10,11
,Not Stated,NS,2016,2016,"nov., 2016",2016/11,17
,Not Stated,NS,2016,2016,"Dec., 2016",2016/12,17
Total,Not Stated,NS,2016,2016,,,137
,Not Stated,NS,2017,2017,"Mar., 2017",2017/03,15
,Not Stated,NS,2017,2017,"Apr., 2017",2017/04,12
,Not Stated,NS,2017,2017,"May, 2017",2017/05,10
,Not Stated,NS,2017,2017,"Jun., 2017",2017/06,17
,Not Stated,NS,2017,2017,"Aug., 2017",2017/08,11
,Not Stated,NS,2017,2017,"oct., 2017",2017/10,14
,Not Stated,NS,2017,2017,"nov., 2017",2017/11,10
,Not Stated,NS,2017,2017,"Dec., 2017",2017/12,14
Total,Not Stated,NS,2017,2017,,,129
,Not Stated,NS,2018,2018,"Mar., 2018",2018/03,16
,Not Stated,NS,2018,2018,"Apr., 2018",2018/04,13
,Not Stated,NS,2018,2018,"May, 2018",2018/05,10
,Not Stated,NS,2018,2018,"Jun., 2018",2018/06,10
,Not Stated,NS,2018,2018,"Jul., 2018",2018/07,14
,Not Stated,NS,2018,2018,"Aug., 2018",2018/08,11
,Not Stated,NS,2018,2018,"Sep., 2018",2018/09,14
,Not Stated,NS,2018,2018,"oct., 2018",2018/10,18
,Not Stated,NS,2018,2018,"nov., 2018",2018/11,12
,Not Stated,NS,2018,2018,"Dec., 2018",2018/12,11
Total,Not Stated,NS,2018,2018,,,144
,Not Stated,NS,2019,2019,"Mar., 2019",2019/03,11
,Not Stated,NS,2019,2019,"Apr., 2019",2019/04,10
,Not Stated,NS,2019,2019,"May, 2019",2019/05,12
,Not Stated,NS,2019,2019,"Jun., 2019",2019/06,13
,Not Stated,NS,2019,2019,"Jul., 2019",2019/07,16
,Not Stated,NS,2019,2019,"Aug., 2019",2019/08,20
,Not Stated,NS,2019,2019,"Sep., 2019",2019/09,17
,Not Stated,NS,2019,2019,"nov., 2019",2019/11,15
,Not Stated,NS,2019,2019,"Dec., 2019",2019/12,11
Total,Not Stated,NS,2019,2019,,,147
,Not Stated,NS,2020,2020,"Feb., 2020",2020/02,12
,Not Stated,NS,2020,2020,"Mar., 2020",2020/03,11
,Not Stated,NS,2020,2020,"Apr., 2020",2020/04,13
,Not Stated,NS,2020,2020,"May, 2020",2020/05,10
,Not Stated,NS,2020,2020,"Jul., 2020",2020/07,14
,Not Stated,NS,2020,2020,"nov., 2020",2020/11,10
,Not Stated,NS,2020,2020,"Dec., 2020",2020/12,13
Total,Not Stated,NS,2020,2020,,,116
Total,Not Stated,NS,,,,,811